Index,Sequences,Secondary structure
0,UCGGAGGUGGUUCAGCUCUGCAUCGACAGUUGGC,..((((.........))))(......).......
1,CGGGGUGUUGUCCUGUGCUCUCCGGAGAGCACAGGACAACACCCCG,(((((((((((((((((((((....)))))))))))))))))))))
2,GCUGCAGUUGCACUGAAUUCGCCUCUCGCCUCCGUACACUUAGUCGACAGGAUCCGCUGAACUGACCUG,....(((((.....(......(((.(((.((..........)).))).)))..).....))))).....
3,UAUUUGCCCUUGCAGGCCGCAGGAGUGCUAGCAGU,.....((.(((((.....)))))...)).......
4,UCUCUGGGCUCUUAGGAGAACGGAUAGGAGUGUGCUCGCU,..((((..(((....)))..))))...(((....)))...
5,GGGAGACAAGAAUAAACGCUCAACACAGAACGCGGUCCCCACACAGGACAGGAGCCAGCCCCGGUUCGUCAGGAGGCUCACAACAGGC,................(((((......))..)))((((.......)))).((((((....((.(.....).)).))))).).......
6,CUUCUGCCCGCCUCCUUCCGUUUUCCUGCGGCAGCGUUUUGUUGCUUUCGUUCCUCCGGGAGACGAGAUAGGCGGACACU,....((.((((((...((((((((((.(.((.((((............)))))).).)))))))).)).)))))).))..
7,CACCUACUAGACCACUUUUUGAGCCGGUUUUUUCGGGAACUUGCCAA,..((....(((((.((.....))..)))))....))...........
8,GCAACAGAGGCUGAUGGUAGACGCCGGCCA,........(((((.((.....)).))))).
9,ACGAAACCUGCAGUCCUGCAAUGGGACAAG,............(((((.....)))))...
10,GGGAGGACGCGUCGCCGUAAUGGAUGUUUUGCUCCCUG,(((((...(((((.(......))))))....)))))..
11,CGUGUCGUAUUGAGUGAUAUGAUGCACAUA,.((((((((((....)))))))))).....
12,GUCGAGACAUAAGAAACAAGAAGAUCCUGAAACUGUUUUAAGGUUGGCCGAUCUUCUGCUCGAGAAUGCAUGAAAGCGUU,.(((((..........(.((((((((..(.((((.......))))..).)))))))))))))).(((((......)))))
13,GGGUUACCUAGGUGUAGAUGCUCACUUACACAAACCUGUAGUUUUAUGCUUCACAUAUCGCACAGGACGCUUAAGUGACGUCUGAACUGCUUCGAA,((....))..(((.((((((.(((((((..(...(((((.((..((((.....))))..)))))))..)..))))))))))))).)))........
14,UAUCCUCCAGAGCAUCGCCGUCCAUAACCACUUACCUCCU,........................................
15,GGUUGUGAAGAUUGGGAGCGUCGUGGCUAC,..............(.(((......))).)
16,UGGUAGGACGGCACCGGAGAAAGGUAGCAUGAUAAGCGAGUACCUGCCGU,(((((((((...(((.......))).((.......))..)).))))))).
17,AGACCUUAUACCUGAGAUUACACGCUCUUCGAGCACGUCGAC,.((....................((((...))))...))...
18,UCCCACGCAUUCUCCACAUCGAGGAGUAUCGGGGCACGAUCCUAUUUAAGGCCGAUAACCCCUUUCUGUCCUUCCGUCAC,.(((.((.((.((((.......)))).)))))))..((..(((.....))).))(.........)...............
19,GCGUGCAGUGCCUUCGGCCGUGCGGUGCCUCCGUCACGCU,(((((..(.(((...))))..((((.....))))))))).
20,GGCUUAGCUAAACGUAGCGGGUAUCGAACGCGAGCGGCAUGCCGAUAUCAUGAGUAGCCGUGAUAGCAUGCUGCUCGGAUAAGCA,.(((((((((....))))(.........).((((((((((((...(((((((......)))))))))))))))))))..))))).
21,AAUAGCCCCCCUUCGGUGCAAAGCACCGAAGGGGGGC,....(((((((((((((((...)))))))))))))))
22,GGGAGAAGGGAAGUAACAGGGUGGGUCUCCGCAUUUGUGCUUCGAUCCGGUGAGAAGAGGUGACGGUACCAG,.(((.....(((((.(((((((((....)))).))))))))))..)))..........(((......)))..
23,UCCCACGCAUUCUCCACAUCAAGUGGGGCACCAGGUUUGGUCCCCGGAUAGGGGCCACUUCCUUUCUGUCCUUCCGUCAC,..............(((.....)))(((((..(((..(((((((......)))))))...)))...))))).........
24,GGGAGCUCAGAAUAAACGCUCAACGGUGGUGGGUGGGAUGAAGAAUGGAGAGGGGUUCGACAUGAGGCCCGGAUC,................((((((.(....)))))))............(....((((((.....)).))))....)
25,CGUACCAAGAUCCCACAACUAGCCGACCACAAUUGCCGGC,.....................((((.(.......).))))
26,AGAGAGAAAGCCAACCAUAGCAAAUGAUACGGAGAUUUUG,........................................
27,GCAGAGAAAGGGUAAGUAUGAUGUCUACCGGAAUGUGUGGGCUUGGUGCG,...............((((.(.(((((((.....).)))))).).)))).
28,CUUUUAUAGGAUCGCACCUAUGAAUCUAAUAGUCAAGUCC,..((((((((......))))))))................
29,CCCAAUUCCGACCUGCGUCUACGUAACCUGCCAUCG,........((((....)))................)
30,GGGAGAGGAGGGAGAUAGAUAUCAAACAAGAUCGCGUCUACUGGCACAGAAAGAGCAAUGCGGAACUAUAGCUGAGAGUUUCGUGGAUGCCACAGGAC,.................((..((......))))..((((..(((((............(((((((((.........)))))))))..)))))..))))
31,AGAAUGACCCGAUGAGGUACGCCACGACUGCCCACUUCUU,.............(((((..((.......))..)))))..
32,CCCUGAUGGUAGACGCCGGGGUGCCGGAA,.......(.....).((((....))))..
33,GGUUGGUGUGGUUGG,...............
34,AGAUACGCUCGUGUUGCUCGAUAGC,......(((((.......)))..))
35,CUUCUGCCCGCCUCCUUCCGUUUGAUCAAGCUGGUUUGGACUUUCGGAGACGAGAUAGGCGGACACU,....((.(((((((.(((((...(.((((......)))).)...)))))..)....)))))).))..
36,CACCUUGCGAAGCAUAGUAACACCCAACACGCCCCAUGCG,.....(((...)))...............(((.....)))
37,GGACCUUUGUACCCCAGAUGAUGCUUUAUCAGGCGGAUGGGUACAAAUGGCAG,...(((((((((((..(.((((.....))))..)....))))))))).))...
38,AGCCAGUCAAGUUAAUGGGUGCCAUGCAGAAGCA,..(((..........)))......(((....)))
39,UGACACAAAGACAGACAGGCUAUCCAAGAACCCUCUUACUCUGUGAGACGACGCACCGGUCGCAGGUUUUGUCUCACAGACGCUAAAAAUACAGACAUGCACCAAUGAACAAUGAGUUCGACCGUGUUCUUGAGUUUUAUGGCCGAUGUGGUAAGUACUUCUACUGUAUCUUCGCGUACCUUAGGUUUAACGUUCUCUUUUUCGGAAUGUGCUCGCCCGCGGCAUCCGACGUCCCUUUGGGGGGUAGGUGCAACGGGAAUCUUGAGGGAUCAUU,.................((....))..((.(((((...(((((((((((((...(((.......))).)))))))))))).)((........((....((((...(((((.....)))))...)))).))..........)...(((((((((.(.....))))))))))...)........((((...(((((((.......))))))).....((((..(((.((.((.((((....)))))).)))))..)))).)))).))))).))...
40,CAGCUAGAGGCAAAGUGGUCUCGACGUAGGGGGACCUGCUCGCUG,((((..(((.((....((((((........)))))))))))))))
41,AAGACGGCCCCCGCCAAUCAAGGGAGAUCCGAGGAAUUGG,....((((.(((.........))).)..))).........
42,GGGAGAGGAGAGAACGUUCUACCUUGCCUAACAGGAGGUGGAGUAUUGGACCCGCUGUCGAUCGAUCGAUCGAUG,(((............(((((((((..(((...))))))))))))......)))..((((((((....))))))))
43,GGGAGAAGGGAAGUAACAGGUGGGCGCGUGAUUAUGUUUGUACGAAGACUGUGAGAAGAGGUGACGGUACCAG,...............((((.......(((............)))....)))).......(((......)))..
44,AAUACGACUCACUAUAGAGGGAGGACGAUGCGGGGUGCUUCGAGCGUAGGAAGAAAGCCGGGGGCUGCAGAUAAUGUAUAGCCAGACGACGGA,...(((.(((.((....)).)))..(((.((.....)).)))..)))..........(((.((((((((.....)))..))))...)..))).
45,UGACUGCCGCACCGACCAUUCACGGUAUUGGCACGGCC,.....((((.((((........)))).......)))).
46,GAAUCAAUACACAGUCCUGGGUGCUAACCAUGAACACCCAAGGCCUUAGUGGUAUGUGGUUAUUG,.(((((((((((((.(((((((((.......)..))))).))).))..))).))).)))))....
47,AGGAGAAUUAUGAGCGGGACAACUUCGUUCCGUGUUCGCGUACUGAGCGC,....(((......(((((((......))))))).)))((((.....))))
48,UUAACCAUCAGCUCAUGGCCCCUGCCCUCUCAAGGACCAC,.......(......)(((.((.((......)).)).))).
49,GGGACACAAUGGACGUCCGCGGCGCCAUCUCAUGUUUAGUUGUCCUAUGUCGAGCUAACGGCCGACAUGAGAG,(((((((.((((.((((...))))))))..........).))))))((((((.(((...))))))))).....
50,CCAGAAGAAGCCCACUAGCGUGCUUUUGUC,...((((((((..((....)))))))).))
51,AUUACCGGCGAGUUUUGAACCGCGUAAU,((((((((....(.....)))).)))))
52,GGCGAAUUCAGGGGACGUAGCAAUGACUGCC,(((....((...............))..)))
53,GUUUCCAAAGCCGGGGGGGUGGGAUGGGUU,...(((...(((.....))).)))......
54,AUAUUAAAAAUUAUU,...............
55,GACAUCUGUAAGUAAGAUUCUAUCUGCAAAGCGGUUAGGAGGGCUCGGACUCUGAUUGCCUCCCCGCACC,...((((.......))))............((((...(((((.(((((...))))..))))))))))...
56,AGAACAAAGUCAGGACGUUCCGAACUAAUGAUCCAAUCAG,.......(((..(((...)))..)))...(.......)..
57,CAGCGGCCCAGACCAGGAGGGGUGAUGGUGGGCAAGUGGGUCGCUG,((((((((((.((((..........)))).......))))))))))
58,UCAGACACUUUGCCAAAAAACAUGAUACAAGUUCGCUGCC,......(((....................)))........
59,AUACCAGCUUAUUCAAUUGACAUGACUGGGAUUUUUGGCGAAAUCGAAGGAAGCGGAGAGAUAGUAAGUGCAAUCU,...((((..(((((....)).))).))))(((((......))))).............((((.((....)).))))
60,CUUCUGCCCGCCUCCUUCCUUCUUGAAUUUUGAGAUGAGGUCACUAGGUCCUUCGCGGGGAGACGAGAUAGGCGGACACU,....((.((((((((((((((((((.....))))).((((.(.....).))))...))))))..)....)))))).))..
61,GAGCCAGUAAGUGACCCGUACUAAUACUGUUGAGUAGUAUGUAGAGGAGUGGUGAUCCUCCAAACUGCUG,....(((((((((.....))))..)))))...((((((.((..(((((.......))))))).)))))).
62,UCCCUUCAUCAUUAACCCGUCCACGCGC,.................((......)).
63,UGACGCGAUCCGCCGUUCCCAUCCGCACGCCCUACACCU,....(((....................))).........
64,GGACCUUUGUACCCCAGAUGAUAGUGAGGCGCGGCUUGAUGGGUACAAAUGGCAG,...(((((((((((.....(...((.....))..).....))))))))).))...
65,CAAGGCAGAAUGUAAUGCUGAAUAAGAGAGAAAAGUGUUGGUGAG,...((((........))))..........................
66,AUCGCCCUGAACCGGCCCAGCAGACUGCUGACGGAACGAC,..((.......(((...((((.....)))).)))..))..
67,CGGAAUUCCGAGCGUGGGCGUGAGCCCUAAACACAAGUCCGCAGGGGUGUGGUAAUAUUCGCAGUUGUGUGUACGCCCACGCUCGAG,........((((((((((((((........((((((..(((((....)))))............)))))).))))))))))))))..
68,GGGAAUAAUAAUAAUAAUG,...................
69,GGGAGCUCAGAAUAAACGCUCAAGAAGGUGGGAGGGUGGGGUGGUUGAAGAAUGUUCGACAUGAGGCCCGGAUC,..((((...........))))............((((...((.((((((.....))))))))...)))).....
70,CUCCUCUGACUGUAACCACGGUAUAAACCUAGUACGAAGCGUAUCUUUACGGGUGCCUGAGCAUAGGUAGUCCAGAAGCC,....(((((((....((..(((....)))(.(((((...)))(....)))))).((((......)))))))).)))....
71,GGGCCGUUCGAACCGAGCAUGGAUCGAGGAUGGGAACACCCAGUAGGAGGAUGGGCAUGGCCGGACCCAAAAUUAGCAGUGGGACAGUACUCAGGUCAUCCUAGG,...((..((((.(((....))).)))))).((((....)))).........((((.((((((.((((((..........)))).......)).))))))))))..
72,GGGACACAAUGGACGAAGCCAGUCGCAUUGGCCGAGCUGUCGCUCUGACCAACUGGUAACGGCCGACAUGAGAG,.........(((.((..((((((.....((((.((((....)))).).)))))))))..)).))).........
73,UAUUAGUAAUAAUAUUAGUAAUAA,...((((......)))).......
74,CCUUCGUUGUCUGCCUUCGUAGCGGAUCGAAUUACGCGUUAACGGCAACCGAUAACGGGACCGAUUGCACACCCUUCAGAAUUCGCACCA,...((((((((((((......(((..........)))......))))...))))))))....(....................)......
75,UUGUUACACACCCGAUUGAAAAAGCGAGUCUGACAG,.(((.....((.((..........)).))...))).
76,GGGUUACCUAGGUGUAGAUGCUCUUCAGAUUCAUUUAUAAGAUCCGACAACCUGUCUAUUAGUUGCGCCGAUUAAGUGACGUCUGAACUGCUUCGAA,((....))........((.((..((((((((((((((....(((((.((((.(.......)))))))..)))))))))).)))))))..)).))...
77,CGUUCGAAAUUCGAACCUGUGUG,.((((((...)))))).......
78,AUACCAGCUUAUUCAAUUCCUAAUCUUCAUGCGUUAAUAUUUACUGUGCGUUGCUUCGAGAUAGUAAGUGCAAUCU,......................................(((((((((.((......))..))))))))).......
79,GGACCUUUGUACCCCAGAUGACGGCUCAUUUCGUGCUUGAUGGGUACAAAUGGCAG,...(((((((((((((...(((((......)))).).))..))))))))).))...
80,CAAAACGUGGAUUGGGUCAAAUGAGUCGUUUUUC,..(((((...((........))....)))))...
81,AGCAGCACAGAGGUCAGAUGAAGCGAUUGUAAUCAACGCCGUAAGACCUCGAGUCGAUUUCCUAUGCGUGCUACCGUGAA,.(.(((((.((((((..(((..(((.(((....)))))))))..)))))).................))))).)......
82,GAAGCUUACAAGAAGGACAGCACGAAUAAAACCUGCGUAAAUCCGCCCCAUUUGUGUAAAAAAAAAAAAAAAAAAAAAAAAA,...................((((((((.......(((......)))...)))))))).........................
83,AGCAAGGGCCACUGCAAAGCACGCGAGCAU,.((..(.....).))...............
84,GGACCUUUGUACCCCAGAUGAUAGUAAAGCGCGGCUUGAUGGGUACAAAUGGCAG,...(((((((((((.....(...((.....))..).....))))))))).))...
85,GCGGACCCGCCGAAAACGCAACCGUGCACAAUUCUGAGCAUGGGCGGGCCAGUACUACAAGCUUCUGGACUCGGU,.....(((((...........((((((.((....)).)))))))))))((((..(.....)...)))).......
86,CCAGAUUGUCCCCCACCAGAAGUGCAAUGC,.....(((.....(((.....))))))...
87,GGGACGCGUGGUACCGACGGAGGCUUGUUUAUGUAGGGAUGUAAGGGGAUGGGCAAUGUGGCGACAGCUU,((.((.....)).)).......((((....((........))........))))......((....))..
88,GUAAGGGUUCACUCUGCAUCGACAACUGGA,...((((....))))...............
89,GGGAGAGGAGAGAACGUUCUACAGCGCCGGUGGGUGGGCAUAGGGUGGAUGCGCUGUCGAUCGAUCGAUCGAUG,....................((((((((.(((......))).).......)))))))(((((....)))))...
90,AGCAACCU,........
91,UAUUAGUCAUAAUAUUAGUCAUAA,........................
92,CUCCUCUGACUGUAACCACGUGCCUAGCGUUUCAUUGUCCCUUCUUAUUAGGUGAUAAUAGCAUAGGUAGUCCAGAAGCC,(...((((((((......)..(((((((..(..(((((((((.......))).))))))))).))))))))).))).)..
93,GGGAUAUCCUCGAGCAUAAGAAACAAGAUAGAUCCUGAAACUGUUUUAAGGUUGGCCGAUCUUCUGCUCGAGAAUGCAUGAAGCGUUCCAUAUUUUU,((......((((((((..........((.((((((...((((.......)))))...)))))))))))))))(((((.....)))))))........
94,CCAAGCAUCAGCUGG,((.(((....)))))
95,CCACAGUACUACCGUAUAACAUGAUGUCAA,......(((....)))..............
96,GGGAGGACGAUGCGGUGACGUAAGAGUGUAAUCGAUGCAGCCUGGCAGACGACGAGCGGGA,...........(((....)))..(........)...((......))...............
97,UCGGACCGGCAAUAAGGGUAUGGCCGUAUAAUCCAGGUCGCCGCUGUCCGA,((((((((((.((..((((...........))))..)).))))..))))))
98,CUCAGAGACAGAGCAGAAACGACAGUUCAAGCCGAA,(((.......))).....((....))..........
99,CUAUAGAGGUGCUCCAGGGCGAUAAACUUAUGAAUAUUAA,..........(((....)))....................
100,CCGCGCAAGGGGUAACCGGAGAAUAUUUGG,((......)).....((((.......))))
101,GGGACGCGUGGUACCAAAGAGGCUGCGCGGAAGUGAGGGUGUUGGUUACGAAGGUUGGUGUGUGAAGCUU,....((((((((..(.....))))))))).........................................
102,CCACAGUCACUGGG,((.(((...)))))
103,GAAGGGACGAUAAAGAGGAAUCGAACAACAAGUGGCUGGC,.......((((........)))).................
104,GGGAGAAUUCAACUGCCAUCUAUAGAGGAUGAAGCCAAGCUCCUAGAAGGCCUCUUGCCUAAACCGAGUCCAGAAGCUUGUAGU,..............(((((((.....)))))..))((((((.((.((((((.....))))........)).)).))))))....
105,UAUUAUGCCUUUAGCUAGCGCAUUCUGUGGGGUGGGUGGA,......((((.......(......)....)))).......
106,CGCCGUAUUAAGAUUGGGAGACCUGGUAGA,...............((....)).......
107,AGCCGUCGCUAGUUUGAUUCCGUGUGUUAGUGGUU,((((...((((((............))))))))))
108,AUUUGCAACACUUACCACUAAAAGGGCCGACGACCGAUGAUGUUAGGUCCAGUGCUUUCU,...............((((....(((((((((........)))).)))))))))......
109,GACGGCAACCCGUUAUAACCUCCCACUGGCUAUCCCGUUAAGCUUCCCUA,(((((....)))))....((.......))(...........)........
110,CAUGAGGUCGUAUGCGAUCUGCAUCGACAGCUAGGCGGAGCUAUCG,.(((((((((....)))))).)))(((.((((......)))).)))
111,UAUUAGUACUAAUAUUAGUACUAA,..(((((((((....)))))))))
112,UCCGGCGCGCUGAGUGCCGGUUAUCCUCGU,.(((((((.....)))))))..........
113,ACAUGUGAUGAUAUAUCGUGUCUCGUGAUA,.((((.(((..........))).))))...
114,ACACCCACCGCAGGCAGACGCAACGCCUCGGAGACUAGCC,.....(.(((.((((.(......)))))))).).......
115,CCAGACGUUCUCGCCCCGCCGAUCAUCAGCGCUGGCCCUAU,............(((.(((.((...)).)))..))).....
116,GCGCAAACCCGAAGAAUGCCCAAAUUGAUCCAGAGCAAGUGGGAAUGAUAUAAAGUACCUGGUCCUGG,.............................((((.((....((...............))..)).))))
117,GGUCGAUAAAAACCCCAGAGGCGCAACGC,(((........)))......(((...)))
118,UAGUGAUGUUCGUGGCGAAUGAUACACUUA,.((((..(((((...)))))....))))..
119,GCAUCAAGACCCUGCGCAUGGAGCCUUCUGCAACCACUCC,((...........))....(((((.....)......))))
120,ACAUUCCAAAUUACCCACCCACUGCUCCUAUCUG,..................................
121,AAUACCCGCCCUUCGGUGCAAAGCACCGAAGGGCGGG,....(((((((((((((((...)))))))))))))))
122,UCGGGGGGGUUGUUCGUGGAAAAUGCUUGCG,..............(((...........)))
123,CCGACCUCCAUGGAAACAUUCUGCGACUACUUACUGGCC,.....(.....)(.......)..................
124,CAUACCAUCCCCAUUUUCGCAAUGAAAAG,..............((((.....))))..
125,GGUUGGGUUGUCGUAGAUAGAGCGCUUCAA,...........(((.......)))......
126,GGGAGAGGAGAGAACGUUCUACGUCGUGAGUAAUGGCUCGUAGAUGAGGUCGCUGUCGAUCGAUCGAUCGAUG,...........((.(..((((((.....(((....)))))))))...).))..((((((((....))))))))
127,ACGCGCUAGGAUCAAAGCUGCACUGAAGUG,..(((((........))).))((....)).
128,CAUGAGGUCUAUCACUGCAUCGACAGCUAGGCGGACAAUG,(((...(((((...(((......))).))....))).)))
129,UCCAAACCCCGUUGAGAGUUGAUCCGGUCUAGGGAAUGGAAAGAAGUAGGUAUCGAAGAGAAUGUACCCU,((((..(((((....((.....)))).....)))..)))).....(..((((((.....)...)))))).
130,UCAAAAGGGGUGAUUGCUUGCACAAUGACAGGGUAGGACA,...................((...........))......
131,AAUACCCCCCCUUCGGUGCCUCUUCAGUUAAAAAUAACUGAAGAGGCACCGAAGGGGGGG,....((((((((((((((((((((((((((....))))))))))))))))))))))))))
132,UGGGGGUCGGGAUACGGUCAGUGGUGGUGAGUGGUAACGG,....(((((.....))))).....................
133,CGCGGAUCCUGCAGCUCGAGUGGGUAAACAACAACAUGUUGACAUCGCGGCUCUAGAAGCUUGUCGAC,.......(((((.......))))).............(((((((....((((.....)))))))))))
134,UCUACCGCCUGCCCUAGCCGAA,..........((....))....
135,UGCGAUAAGGUGGUAGCGACAGUGAUAGAAGC,................................
136,GAUACACGGGCGGAGGAGGUGGGGGGGGGUAGGUGGGUAU,....(((...........)))...................
137,UAUAUAUGUGUGUCUAUCGUCACUUGUAUGUCAAAUAUU,.(((((((.(((.(....).))).)))))))........
138,AUUUCUCUGAGAUGUUCGCAAGCGGGCCAGUCCCCUGAGCCGAUAUUUCAUACCACAAGAAAUGUGGCGCUCCGCGGUUGGUGAGCAUGCUCGGUCCGUCCGAGAAGCCUUAAAACUGCGACGACACAUUCACCUUGAACCAAGGGUUCAAGGGUUACAGCCUGCGGCGGCAUCUCGGAGAUUCC,...((((((((((((.(((..((((((..(((((.((((((.....((((.......((.((((((.((.(.(((((((...((((.(.(((((.....))))).))).))..)))))))))).))))))...)))))).....)))))).)))..)).)))))).)))))))))))))))....
139,CAUUGGCCAAUUCCUUGAAUCUCGACUGCUCGGUAGAAUAGACCUUACCA,....((......)).........((....))((((..........)))).
140,GGGAGGACGAUGCGGAUCAGCCAUGUUUACGUCACUCCUUGUCAAUCCUCAUCGGCAGACGACUCGCCCGA,(((((((((..((((.....))..))...)))).)))))............(((((.((....))).))))
141,ACAGAUACGGAACUACAGAGGUCAAUUACGGUGGCCACGC,.................(.(((((.......))))).)..
142,AAGACGGCCCGGUAUGUAGCCGGAGAUCCGAGACUUGCU,....(((((((((.....))))).)..))).........
143,GAAGCUUACAAGAAGGACAGCACGAAUAAAACCUGCGUAAAUCCGCCCCAUUUGUGUAAGGGUAGUGGGUCGAAUUCCGCUCA,..................(((..((((...((((((........((((...........)))).))))))...)))).)))..
144,GGAAUGAGUGCCCUGCAAGCGAGGGCUAGC,.......(((((((.......)))))..))
145,CUCCUCUGACUGUAACCACGCAGCCACCAGGAAGAUGAAUGCUCGAGCAACUCGACGGUCGGCAUAGGUAGUCCAGAAGCC,(...(((((((...(((.....((((((.(............(((((...))))))))).)))...))))))).))).)..
146,UCCCUACGGCGCUAACUUCUGCAAGAGGCCGUCAACGGGCGAGUUAGCCACCGUGCUACAAC,....(((((.((((((((((.....))((((....).)))))))))))..))))).......
147,CCUAGUGUGCGUCGAUGGGGUGGGGUGGGGCUGAGUUGGGGGGUGGGAUCAAUCAAUCUGGUUU,(((.............)))..........(((...(((...............)))...)))..
148,CAAUCCAUUCAUCUCUCGAAUGAGGAAGUAGCCCAAGAGGAGGAGGAGGAUGAGC,..((((.(((.((((((...((.((......)))).))).))).)))))))....
149,AGUUUCAUCGUCCGAGCAAGAUCCUAAUGGCGUCCGGCGCGUUUAUGACU,(((..(((((((((.....(((((....)).)))))).)))...))))))
150,UUGUUACACACCCGCUUGAAAAAGCAAGUCUGACAA,(((((....((..((((....))))..))..)))))
151,UCCCACGCAUUCUCCACAUCAUUUGAAUAGUGUGGUCACUUCCAGUCCCGCAGGGCACACCCUUUCUGUCCUUCCGUCAC,..((((((((((............)))).)))))).........((..((.((((((.........))))))..))..))
152,UGAUGGUAUUGGAGCCACCUAAAGGGACGUUUUCGG,...((((......))))((....))...........
153,GGGAGAGCGAAGCGUGCUGGGCUGCUAUUUUGGCGUAAGCUGGUUUUUGGUGGUUGCGUUUUGAUCAUAACCCAGAGGUCGAUGGAUCC,.(((((.((((((((.....(((((((...((((....)))).....))))))).)))))))).))....((....))((....)))))
154,GGGAGAAGGGAAGUAACAGGCUAGAAGUUUAGACCAAGGGGCGGGAUGAGUGAGAAGAGGUGACGGUACCAG,..................(((((......))).)).......................(((......)))..
155,GAAGUAGCAUGAACAUAUACCCGUUGACUCAAUUUUAUUUUAGUCCAACA,......................(((((((.((.......)))))).))).
156,AGUAAUACGACUCACUAUAGGGAGAAUUCCGACCAGAAGGGUUAGCGGUCGUCUUAAGUAGUUUUUGGUCCUUUCCUCUCUCCUUCCUCUUCU,.(........)........((((((.....((((((((........................))))))))........)))))).........
157,UGAGCCGGUCGGCAGUAAUGUGACACUGCGG,....((.....(((((........)))))))
158,UUUUUGCUGAUCUCGGGUUUGGACUCCUGUUUAUUUAUAA,.............((((........))))...........
159,CAAGAAGUGGAAAUGCGCAGCGACCAUGAAACCUCGCAUGGUUCAUCGAUUGUUUGGAUAGUGUCUGUGUG,..............((((((.(((((((........))))))).....................)))))).
160,CAGCGGGCAUUUCUAGGGCCAUCUUUAAUCUUCUUUAUGGAGAGCCUCGUUCACACGUUG,(((((.(.....(..((((..(((.(((......))).)))..)))).)....).)))))
161,GGUAGAUACGAUGGAGGUGUAUUUUAUGUGCGUAUUUGGAGGCAUGACGCGCAGCCA,....((((((.......))))))...(((((((...((....))..)))))))....
162,AAUAGGGGGGGUUCGGUGCAAAGCACCGAACCCCCCC,....(((((((((((((((...)))))))))))))))
163,UUUCUGUGAUCUUUGCUCGGAAUGGCUGUGGGUAUGGGUGGGUUGGGCUAG,.........(((.(((((((.....))..))))).))).............
164,CUCCUCUAGUGAAGGCAGAGAAAGGUCGAUACGGACGGAAUGUGAUGGCC,...((((.........))))...(((((.((((.......)))).)))))
165,CCUGCGUAACAACGCGGAGGAAACUUCCCUCCUAUCUCU,...((((....))))(((((.......))))).......
166,AAGACCACACACACAGAAACAGGGAACAGCGUUCAA,....................................
167,UCCCACGCAUUCUCCACAUCUAGUCUGGUUACGGUCUCGAUUGUCCCAAAAGGGCAGACACCUUUCUGUCCUUCCGUCAC,...............(((((.((.(((....))).)).))).)).....(((((((((......))))))))).......
168,ACUUCAGCUCUAUUAACAGCUCAAGGACUGGCACA,.(((.((((........)))).)))..........
169,GGGCUAGCUGAUCGUACCAGUAGCGUGGCCUGGGGGGCCUAGUCGUGCGAUACUAACAGCUAACACCC,(((.(((((((((((((..(..((..(((((...)))))..)))))))))).....))))))...)))
170,UCCCUACGGCGCUAACGGAUCAAACAUGCGCUCCAAGGAGUAGGGGCCACCGUGCUACAAC,((((((((((((....(.......)..))))).......)))))))...............
171,AAGACGGCCGGGGAAACCCGAGGUCCGAUGUAACGC,....((((((((....)))..)).))).........
172,AGGCAGAGAAGAGUGGGUGCGACCACAGGAUGUUAUGG,............((((......))))............
173,GACAUCUGUAAGUAAGAUUCUAUCUGCAAAGCGGUUAGGGGGGCUCGGACUCUGAUUGCCUCCCCGCACC,...((((.......))))..............(((..(((((((((((...))))..)))))))...)))
174,CCGUAGGUUCGGGGCGGAGUGGUCCGGAAGGUGGCGUGG,(((....(((.((((......)))).))).....))..)
175,GGGACACAAUGGACGUCCGUAGAAACGCGUUAAGGUGAAAGUUUGAGGGCUCCUCAUAACGGCCGACAUGAGAG,.((((.........))))(......).......(((....((((((((...))))).))).)))..........
176,CGAAUACCUGGAGGAACACGGGAAAAGAUCACUGAAGCCA,......((((........))))..................
177,AGAAGAAUGCAGGAAACAGCGAAAUGCGUGUGGC,...............((.(((.....)))))...
178,GGAUGGGUGGGUGGGGAGGUUGUAGACUGUAU,................................
179,UCUACCAGAGCGAGUGUGCUGAACGUUCUAAGGACGGGAUUGAAUCGAGAUGCGUAUACUAGGACCUUAGG,........((((...........))))((((((.(((........((.....))....)).)..)))))).
180,UAAUACGACUCACUAUAGGGAGGACGAUGCGGAAUUGAGGGACCACGCGCUGCUUGUUGUGAUAAGCAGUUUGUCGUGAUGGUCGGGCGAGUCGUCUG,.........((........))(((((((.((.........(((((((((((((((((....)))))))).....)))).)))))...)).))))))).
181,AUCCCUGAACCGGCCCAGCAGACUACUGACGGCACGAU,..........((((((((.......)))..))).))..
182,CCUCUUGCACCGCCGAGAAUAUAAUUCAAGAGGUCCACAACUAAUUAG,(((((((...................)))))))...............
183,AAUAACUC,........
184,AGCCGCGAGGGGAGGGAUAGGGUAGGGCGCGGCU,(((((((....................)))))))
185,CGGAAUUCCGAGCGUGGGCGUGGUCAUACCGCGCCUAUCGAACUCGCCACUCGCGUGCAGCUCUGUGUAGGUACGCCCACGCUCGAG,........((((((((((((((((...)))..(((((((((.(((((.....)))...)).)).).)))))))))))))))))))..
186,AAGACCACACAUAAGAAACAGGGAACAGCGUUCAA,...................................
187,ACGAAGCUUGAUCCCGUUUGCCGGUCGAUCGCUUCGA,.((((((..(((((((.....)))..)))))))))).
188,ACACUCUUUUGCUCGUGUUUUUGCCUGUUACAUAAAAUGAAUCAGUGGAUGUUUCCUUCU,((((..........)))).......((...(.......)...))(.(((....)))..).
189,UGCAGUGCCGAAAUAAAGUGUAAAAGCAGUAUAAGAAGAC,........................................
190,GUUCCAGGCGCGUUAGCAAAACCGCGGAUC,(.(((..(((.(((.....))))))))).)
191,CUCCUCUGACUGUAACCACGCAGCACCAGGAAGAUGAAUGCUCGAGCAACUCGACGGUCGGCAUAGGUAGUCCAGAAGCC,.((((.((.((((......))))))..))))..........(((((...))))).....(((...((....))....)))
192,AAGCUCUUAGUUGAUGCGCGGUCAAAAUUUAAGCU,.((((.....(((((.....)))))......))))
193,AGAAAAAAACAAUCCACAGAACAGCGCGUG,..............(((..........)))
194,CCCCCCUCCAAAGACCCGCCAUAUCGCCCC,.................((......))...
195,CUCCUCUGACUGUAACCACGCCCAUAUCGGUGAAUGCACGAGCAACCGAUUGACACGGGGCAUAGGUAGUCCAGAAGCC,((..(((((((...((((.((((..((((((...(((....))))))))).......)))).).))))))).)))))..
196,GGGAGGACGAUGCGGCAUGCGUCUGACCUACGUGCCAAGCAUUUGUGUAACCCGUCAGACGACUCGCCCGA,(............(((..(((((((((....((((((......)).)).))..)))))))).)..))))..
197,CAUCUCGGUCGUGAACUUUACAUGCAUGAGUAUUUUGGUG,...((((..((((.......))))..))))..........
198,AUAACACGACAUCCAUAUGUCAGUGGUCUGUGUACUUACACGGUAUUCGA,....((((((((....))))).)))..((((((....)))))).......
199,GGGCUAGCUGAUCGUACCCAUAGCGUGGGCAUGGGGUGCCUAGUCGGGCGAUACUAACAGCUAACACCC,(((.((((((((((..(((...((.((((((.....)))))))).))))))).....))))))...)))
200,CGCCAGUGUGAAAGAUCCGAAGUUUAUGCCGGCACGCGCUGGCG,((((((((((...(..(((..((....)))))).))))))))))
201,ACCCCUCUUACCCGAAGCGUUAAGCGGUGGAGGCUGUCA,((.(((((.(((....((.....))))))))))..))..
202,CGAAAGUCUCACUUCCUAAUCCCCUUCUUC,....((.....)).................
203,UAUAUAUAUAUAUAU,...(........)..
204,UUGCACAAGAUACGGCUACCUGUAUGCGGCAAUCGGCAUUAAAUCUAUCUAAGCCAGCAGUAAC,.........((((((....))))))(((((......................))).))......
205,GGACCGAGAAGUUACCCUGUAAUCUUAGGAUGAAUCGCAUGCUCUAGCGACCUUUUCGGCUUCGGCGUACGCACAUCGCAGCAAC,((.((((((((....((((......)))).....((((........)))).)))))))))..).(((.........)))......
206,CCCCACCGACCGAUGAUCUUGAGCGUACAUCGCGGG,.(...(((..(((((..(......)..)))))))))
207,CACGGUACCACCAAGUCACACGUUGAACUCCAUGCAGCUG,..((((((......)).)).))(((.........)))...
208,CCUUCAUCAUUAACCCGUCCACGCGC,...............((......)).
209,GGGACACAAUGGACGUCCGUAGUUCUGGCUGACUGGUUACCCGGUCGUACAGCUCUAACGGCCGACAUGAGAG,........(((..((.((((((..(((((.((((((....)))))))).)))..)).)))).)).))).....
210,ACCUAGCGCGCUUGACGUGGCCCCUUCGCAGGUCCUGGAU,((((.(((.(((......))).....))))))).......
211,GUAUUCUCGGUGGUUUAAUCAGAGUAGAGGAGGCUGACUCCUUUGGUUGGUCUACGUGGAGGUUCUUUUG,....((((.((((.(((((((.....((((((.....))))))))))))).))))...))))........
212,GAGCGGUUAAGGGAGAUUUAGGCAGCAGCUUGGACAGUGUAUCGGCUGAG,.........................(((((..(.........))))))..
213,AGGUUUAGUGAAUAUCUUCGAUGAUCCGAGGCAGGCUAGAUUCCGAAACAUCGUUGAGCG,..............((..(((((..........((.......))....)))))..))...
214,GGGAGACAAGAAUAAACGCUCAACAGAGAAGAAGCACCGAUGCAACGCGAAAAGCACACGGCCUUCGACAGGAGGCUCACAACAGGC,..................(((....))).....(((....)))...((.....))....(((((((....)))))))..........
215,CGUAUAGGUCCCCUGCCGCUAAACAGCGCCGCGGUA,...........((.((((((....))))..))))..
216,GGUAGAUACGAUGGAUCAGGGUACCCCCUGUGGCCCGUCAACACAGGGGAAGUGGCAUGACGCGCAGCCA,.......................(((((((((.........))))))))..)((((.((.....))))))
217,UCAAGAAUUCCGUUUUCAGUCGGGAAAAACUGAACAA,..............((((((........))))))...
218,ACAGCGCCGGUGGGCGGGCAUUGGGUGGAUGCGCUGU,(((((((((.....))).((((.....))))))))))
219,GGGACGCUGAGGCUUCUAUGGUUCCC,((((.((((((....)).))))))))
220,GGGAGGACGAUGCGGACUGAACCUAAUUUGAAAUUGGCUGGCGCGCAUAUUCCGUCAGACGACUCGCCCGA,(((((((..((((((.(((..((.(((.....)))))).))).)))))..)))(((....))))..)))..
221,GCGAGCAUCAGCCGC,(((.((....)))))
222,AGAGUCGCUGAUGGUAGACGCCGGCGGAUC,.((.((((((.((.....)).)))))).))
223,AGGGAAUCUUGCCUAGGGAGGGAGUAGCGAAAGGGCUCA,...........(((....)))(...(((......)))).
224,AAGGACAGCACGAAUAAAACCUGCGUAAAUCCGCCCCAUUUGUGUAAGGGUAGUGGG,.......(((...........))).....((((((((..........)))..)))))
225,GCCCGAUCUACUGCAUUACCGAAACGAUUUCCCCACUGU,.......................................
226,GCAGCAGGGAGAGUUGUGUGAGGGAAGUGGUCGGUAGGUG,(((((.......))))).......................
227,UCCCACGCAUUCUCCACAUCGAUACUGAGCAUCGUACAUGAUCCCGCAACGGGCAGUAUUCCUUUCUGUCCUUCCGUCAC,...................((((.......))))..........((....((((((.(.....).))))))...))....
228,AUCCACUACGAACUCCGCAUUCCCAGACACACUGGACCU,....................(.((((.....)))))...
229,ACUCACCAGUCACCAUCAGCUCAUGCGCCCCUCCCCCGAC,..................((....))..............
230,GGCGGCCGUGAAAUUUGCCAAAUGCCGUCUUGGCUUUCGCCCAAUGUAUCCUGGGUGUUC,((((((...(........)....))))))........((((((........))))))...
231,GCCCUCCAACCACACCCCGCCAACAACCCC,..............................
232,AUCUCCCACACUUCAUCGGUUCACCCUACUCCCUUGCAU,.................((.....)).............
233,UCCCCCGCGCACAUUCCCGCCAACCUGCAA,......(((........)))..........
234,CAGGAUGAACAAGCAGGACGUGAAAUGAAC,..............................
235,GGGACACAAUGGACGCACCUCCGACGCACAGUCGCAGGCUCGAAAGAGACUAAAUGCUAACGGCCGACAUGAGAG,.................(((.((((.....)))).)))(((....)))...........................
236,AGCUUAGUGCAUAUCACUCCUCGUUAUAGCAUGGUUAUAG,.....((((.....))))......................
237,GGGAAUAAUAAUAAUAAAG,...................
238,GCCAGCAUCCCGACUGGGCUCCUCGAUAACGAGUGCCCG,..............(((((..((((....)))).)))))
239,AGCGCGGGAUGUUAUGGCACGAUGUGUAGAGAAUAGCGCUGAUCGGGCAA,(((((...........((((...))))........)))))..........
240,AUCAGUCCCCACUGCCCCCGCUUGCAGACA,....((.....((((........)))))).
241,AUACCAGUCUAUUCAAUUGCACUCUGUGGGGGUGGACGGGCCGGGUAGAUAGUAUGUGCAAUC,((((..((((((((.....(((((.....)))))........)))))))).))))........
242,GGUUGGUCUGGUUGG,...............
243,GAUCCUUUGUGGGCUCUUGUUGACCCCCUCGUUGUCCCCCC,((......(.(((.((.....))))).)......)).....
244,UAAUACGACUCACUAUAGGGAAGAGGUCAGAUGGUCUAGCCGGAGGAGUCAGUAAUCGGUAGACCUAUGCGUGCUAGAGUGA,.........(((((.(((.........((...(((((.(((((............))))))))))..))....))).)))))
245,AAUACGUGCUCCCUCCGCCAAAGGCGGAGGGAGCACG,....(((((((((((((((...)))))))))))))))
246,CAUGCGCCUUCCCCCUGUGGUUGGUGUCAGCCGGCCUGUG,..................(((((((....)))))))....
247,CCUUCGUUGUCUGCCUUCGUCGAUCGGCAUUACGCCAUUGGUUGGUGUGGUUGCGAUUAUGCGCUAAUUCACCCUUCAGAAUUCGCACCA,............(((..........)))(((((((((.....))))))))).(((......))).(((((........))))).......
248,CUUCUGCCCGCCUCCUUCCGGAAUGAUGCGUAAAGGACCGAGGGUGCUUGCCAUAAUCGGAGACGAGAUAGGCGGACACU,....((.(((((((.((((((....(((.((.(((.(((...))).))))))))..))))))..)....)))))).))..
249,UUGGGGUGGGAGGGCGGGUUAACAAAGAUAGCGCAACAGG,.............(((...............)))......
250,GGGGCCACCAACGACAUUGAACCACGUAGGCUCGUUUCUGAGCCGAUCUCGAUGUUGAUAUAAAUAGUGCCCAUGGAUC,.((((.((...(((((((((.....((.((((((....)))))).).)))))))))).........)))))).......
251,ACGUGCUCUCAUCUUUUAAUUCGUGGGCUCUGCGGCUAGCCUCUUAGCUC,....((((.(............).)))).....(((((......))))).
252,AGGCAGAGAAAGGUCGAUACGGACGGAAUGUGAUGGCC,...........(((((..(((.......)))..)))))
253,AAUUUCUACUGCAAUUUCUACUGC,..........(((........)))
254,CAGACCGUAAGGGAUGCCGCCUAAACACC,.........(((.......))).......
255,CAGUCGUCAUGGUUAUAGCUGCCACAACCUCGGUCCUGUCUUCAACGGCC,.....((..((((.......))))..))...((((..((.....))))))
256,GAAGCUUACAAGAAGGACAGCACGAAUAAAACCUGCGUAAAUCCGCCCCAUUUGUGUAAGGGUAGUAAAUCGAAUUCCGCUCA,..............(((..(((...........))).....)))((((...........))))....................
257,GGAGCGCAAUUCGCCUCGCAAGUUGAACUCCGCUGGCGG,..........(((((..((.((.....))..)).)))))
258,UAUCAACUAACGUACUGCCGCAUUCCCACAAUCCACAGGCUCC,................(((..((.......)).....)))...
259,AUUGACCGCUGUGUGACGCAACACUCAAU,(((((.....((((......)))))))))
260,GGCUGUUGUGAGCCUCCUCCCAGAGGGAAGACUUUAGGUUCGGUUCACGUCCCGCUUAUUCUUACUCCC,(((.(.((((((((....((.((((......)))).))...)))))))).)..))).............
261,GUAUUCUCGGUGGUUUAAUCAGAGUAGAGGAGGCUGACUCCUUUGGUUGGUCUACGUGGAGGUUCCUUUG,.....(((.((((.(((((((.....((((((.....))))))))))))).))))...))).........
262,GCAAUGGUACGGUACUUCCUGUGGCGAGGUAGGUGGGGUGUGUGUGUAUCCAAAAGUGCACGCUACUUUGCUAA,............((...(((......)))))(((((((((.((((((((......)))))))))))))))))..
263,GUAUUCUCGGUGGUUUAAUCAGAGUAGAGGAGGCUGACUCCUUUGGUUGGACUACGUGGAGGUUCUCUU,....((((.(((((((((((((.....(((((.....))))))))))))))))))...)))).......
264,AUCGCCCUGAACCGGCCCAGCAGACUGCUGACGGCACGAU,(((..........((((((((.....))))..))).))))
265,UCUCAUGCGCCGAGUGUGAGUUUACCUUCGU,.(((((((.....)))))))...........
266,CAGGCGUUAGGGAAGGGCGUCGAAAGCAGGGUGGG,..((((((.......))))))..............
267,CCUGUGUCUUGUGUGUGUGUUUUGUUUCUGGUCUA,...................................
268,UUGGGGAGGGGCACUGGGCAGUGUAAUUUACGAAAGCGAG,..........(((((....)))))................
269,GAAUCAUACACAAGUUGUGGAG,........(((.....)))...
270,GGGAGAGCGGAAGCGUGCUGGGCCUGUCGUUCGCUGUCUUGCUACGUUACGUUACACGGUUGGCAUAACCCAGAGGUCGAUGGAUCCCCCC,(((((.(((....))).))(((.((((((.((.((((..((((((((........)))..)))))..)..))).)).))))))..))))))
271,GGUUGGUUUAUUUUAUUACUAGUGGCCAGG,...(((((.((..........)))))))..
272,GACAGCACGAAUAAAACCUGCGUAAAUCCGCCCCAUUUGUGUAAGGGUAGUGGG,....(((...........))).....((((((((..........)))..)))))
273,AAUCCCAAUGGAUUGAACUGCCAACGAACG,(((((....)))))................
274,GAAUAUCUUCCGAAGCCGAACGGGAAAACCGGCAUCU,...........((.((....(((.....))))).)).
275,CAGAUACAGGCCAUGUGC,.........((.....))
276,CAAGAACUCCUAAGUAUAAUGUGAGGGAUCCGAAAUUCUGCUCUUAUGUAUGGCAAGAUU,........(((............))).(.......)((((((.........))).)))..
277,GCCAGGGUUCAUCAUUCACGGCCGAUUUCGAAGCUCCUAACUCGAGACAC,(((.((((.....))))..)))...((((((.(.......)))))))...
278,GGGAGGGAAUCAGUGAAUGCUUAUACAUCCCUCCUUGAGCAGUCGAUUAGUUUCGACAGGAGGCUCAC,((((((((...(((....)))......))))))))(((((.(((((......))))).....))))).
279,GUAAAUCGUCGACAGGAAUUGGCGGGCCGG,.....(((((((......))))))).....
280,CAGCUCAGAAGCUUGAUCCUGUGCGGGGCAAAGAGGUCCGAAUUUGAAGGCUCCCCUGGACUCGAAGUCGUGCAUCUGCA,.....((((.((.((((...((.(((((....(((..((.........)))))))))).)).....)))).)).))))..
281,GGACCUUUGUACCCCAGAUGAUGGCUUCACUGCUUGAUGGGUACAAAUGGCAG,...((((((((((((((.(((.....))))))......))))))))).))...
282,AGCACUUCAGAUAUGAUAACAGGUUCAAGGAUGUGCACA,.((((.((.....(((........)))..)).))))...
283,GCCUACGGCCACACCACCCUGAAAGUGCCUGAUCUCGUCUGAUCUCAGAAGCGAUACAGGGUCGGGCCUGGUUAGUACCUGGAUGGGAGACCGCCUGGGAAUACCAGGUGUCGUAGGCUUU,(((((((((....((((((((....(((((((((......)))..)))..)))...)))))).))(((((((.....((.((.(((....))))).))....))))))))))))))))...
284,UGGGGUAUCGCCAAGCGGUAAGGCACCGGAUUCUGAUUCCGGAGGUCGAGGUUCGAAUCCUCGUACCCCAGCCA,(((((((((((...)))....(((.(((((.......)))))..)))((((.......))))))))))))....
285,GGGGGAGGACGCGUAGUGGGGGGCCCAUGGUUGUGUGG,........((((...(((((...)))))....))))..
286,AGCAGCACAGAGGUCAGAUGGUUACUGCGGGGUAUGGGGACUGGUUGCGUGGCUUGGUGUCCUAUGCGUGCUACCGUGAA,...((...................))((((((((((.(((((((((....)))).)..)))))))....))).))))...
287,AAGACGGCCCGGUGUGCAGCCGGAGAUCCGAGACUUGCU,....(((((((((.....))))).)..))).........
288,ACCGAAAAAGACCUGACUUCUAUACUAAGUCUACGUUCC,..........((..(((((.......)))))...))...
289,GGAGACCGUACCAUCUGUUCGUGGAAGCGCUUUGCUCGUCCAUUAGCCUUGUGCUCGUGC,.......((((.....(((.((((((((.....)))..))))).)))...))))......
290,AAUAACUU,........
291,UACCGAAAACGCAUGCCUCUAGCCGUUCGAUACGAGCUGAGCAGCGGGCCAGUACUACAAGCUUCUGGACUCGGU,.(((((...(((.(((.((.((((((.....))).)))))))))))(.((((.((.....).).)))).))))))
292,GACAGCGUGCCUAGAAGUCCAAGCUUAAAUAACCACGCUCGACAAGC,...((((((.....((((....)))).......))))))........
293,AAGCCGGAUGCACGAAUAUUGAGGUAAGCG,...((.................))......
294,CGAUACAGCACUGAUUGCGGUCGAGGUAGCUUGAUGGGCC,((((.(.(((.....)))))))).((...((.....))))
295,UAGGGAGAGAACUGUGUCAGAAUGUAGUGAACCAGACACGGAGUGGAGUA,...........(((((((.(...((.....))).))))))).........
296,CCACCGAUCGCAUCAGCUCAUGGCCCCUCCCGACCCGCCA,.........((....))...((((............))))
297,CGUCUUGCAUAAUAUAAAAUUUUGUUUUGAGUUGUAAUCGAAUGCGGUCU,.....................................(((....)))...
298,UAUGUUGUGUGUGUGUUGUUUUUGUGUUUUGUUUU,...................................
299,CCUGCCCUUUCCAACACCCGCCGAAACUCA,..............................
300,GACCGGUGUGUCCUGAUCCAACUGCCACAAGUACCAUAUGCAGGUGACGU,....((.....))........((((..............)))).......
301,CCCAGGAUCACCGGG,(((.((....)))))
302,ACACGGGCCGUGAACGCAGCGAGUUCGCCCGUCGUGACAUU,((((((((...((((.......)))))))))).))......
303,GGUUGGUAUGGUUGG,...............
304,UCGGAUGCGCCGAGUCUCCGUUUACCUUCGU,.((((.((.....)).))))...........
305,UUACCGUGAUGUAUGAUAUGCAUCCACCGUG,..((.((((((((.....)))))).)).)).
306,ACAAGAAGGACAGCACGAAUAAAACCUGCGUAAAUCCGCCCCAUUUGUGUAAGGGUAGUGGG,............(((...........))).....((((((((..........)))..)))))
307,AUGACGUACCCGCACAAGCCACCACAAGUCUUAAUCGCGCCACCCUUGC,...........((..(((...(.....).)))....))((.......))
308,GAUGUGGGUGUAGUUGGAGGGUAAACGUU,.............................
309,GGCGAUAGUUUCUAUAGCAAGGUACAGCAUUCUCUCUCCCUAUAGAACCAAUCCAGUACUAGC,(..(((.(.((((((((...((...((....))....)))))))))).).)))).........
310,UAGGGAAUUCGUCGACGGAUCCCGCAUGGGAGCCGGCAUCUCCUGGGACCAUGAACUCGUUCGCUUAUAUGCCGGCGCAUGCGUCGACCUGGAG,..........(((((((.(((((....))))((((((((.....(((((.........)))).)....))))))))...).)))))))......
311,CGUCCCGUAGGCCAAUUGCGUCCCACCUUAACGUCCGCC,.........(((.....((((.........))))..)))
312,AGCGCGCACCUACUGUGAUGAAGAAGUCACAGCAAGGCCC,.....(..(((.(((((((......)))))))..))))..
313,UUGCGCGUUAAUUGGGGGGGUGGGUGGGUU,..............................
314,AGCAGCACAGAGGUCAGAUGGCCUAUAUUUAUAAAGACAGGAGAGUAAUGUCGAGCAGAACCUAUGCGUGCUACCGUGAA,.(.(((((..(((((....)))))...........((((.........))))..(((.......)))))))).)......
315,GGGAGAAUUCCGACCAGAAGUUCGAUACGCCGUGGGGUGACGUUGGCUACCCUUUCCUCUCUCCUCCUUCUUCU,((((((....((.(.....)..)).........((((((.(....).))))))......)))))).........
316,UUUUUUUAAUUUUUGUUUAUUAAUCUUUAUGCUUUUUUCAUUUAUCUAUAAUUUUUAUU,...........................................................
317,ACCUUCUGUUCAUAUCGUGACCAACCCAAUAGAUUGUGAUAAAGGAGGAGGAGGA,.((((((..(((((((..(.......)....))).))))...)))))).......
318,GAGGACGAUGCGGACUAGCCUCAUCAGCUCAUGUGCCCCUC,((((..((((.((.....)).)))).((......)).))))
319,CUUUCCUAGCGCACAUGCGACCUCUAUGCGUAAUACGAACGUUGACGGU,.........(((....)))(((((...((((.......)))).)).)))
320,GGUCCGUAGUUCUGGCUGACUGGUUACCCGGUCGUACAGCUCG,....((.((..(((((.((((((....)))))))).)))))))
321,AGUCAUUUAUAAGAUCCGACAACCUGUCUAUUAGUUGCGCCGAUUAAGUGACU,(((((((((....(((((.((((.(.......)))))))..))))))))))))
322,GCAAUGGUACGGUACUUCCUUUGGAAGAUAGCUGGAGAACUAACCAAAAGUGCACGCUACUUUGCUAA,((((.((((((((((((...((((....(((........))).)))))))))).)).))))))))...
323,GGCAGCGAAAGCGGAACAAGUAUGUAACCAUGCCUCGGCAACUUUACAUGCGUAGCCAAACCCA,(((.((....))...((..((((((((...(((....)))...)))))))))).))).......
324,CGGACGAAAUUCGUCCCUGUGUG,.((((((...)))))).......
325,UACCAAGAUCCCACAACUAGCCGACCACAAUUGCCGGCCA,...................((((.(.......).))))..
326,AACUAGCAGGCAGAGAAGAGUGGGUGCGACCACAGGAUGUUAUGGCCUG,......(((((........((((......))))...........)))))
327,CACCGCAUUGAGCCCAGAGACGCCACAGAC,...........((........)).......
328,GGGCGAAUUCAACUGCCAUCUAGGCAGUAACCAGGAGUUAGUAGGACAAGUUUCGUCC,(((((((....((((((.....)))))).((.....)).............)))))))
329,CUUCUGCCCGCCUCCUUCCGACGGUGAUUGUUAUCUCAGAGCCAGUUUGAACAACCCGGGAGACGAGAUAGGCGGACACU,....((.(((((((((((...(((.(.(((((..((.......))....)))))))))))))..)....)))))).))..
330,UCCGAUAAGUAUGUGACAACCUACAAAGCACUCCACGCCU,........((............))...((.......))..
331,GCAAUGGUACGGUACUUCCAAGUGCGGGGGGGAGGUGGUGGUUCCAAAAGUGCACGCUACUUUGCUAA,((((.((((((((((((((......)))........((.....))...))))).)).))))))))...
332,CUCCUCUGACUGUAACCACGGACUGCUGAUGAGUCACUUUAACGUGGAGCAAAGAUUAAAGCAUAGGUAGUCCAGAAGCC,.....(((((((...(((((((((.......)))).......)))))..)..................)))).)).....
333,UCAAUCGGCGCUUUACUCUUGCGCUCACCGUGCCC,......(((((.........)))))..........
334,CUUCUGCCCGCCUCCUUCCCUAGUGCAGGGGUUCACUCAGGACCUUACGAGCUUUUUCGGAGACGAGAUAGGCGGACACU,....((.(((((((..(((..(((...(((((((.....)))))))....))).....)))...)....)))))).))..
335,GCGACUCCUGUACUCGAAGACAGACAGUUCCAGCCUCCAG,((((((.((((........))))..))))...))......
336,CUUCUGCCCGCCUCCUUCCUUUUUGCUGAUCUCGGGUUUGGACUCCUGUUUAUUUAUAAGGAGACGAGAUAGGCGGACACU,....((.((((((...............((((((........(((((((......)).))))).)))))))))))).))..
337,AUACCAGCUUAUUCAAUUACAGUAGUGAGGGGUCCGUCGUGGGGUAGUUGGGUCGUGGAGAUAGUAAGUGCAAUCU,...((.((..((((((((((....((((((...)).))))...)))))))))).))))((((.((....)).))))
338,GGUAGAUACGAUGGACUACCGCCACCCCGGGUCCGGGUGACGUUAAUUGAGGGCCCAUGACGCGCAGCCA,(((((..........)))))((......((((((.(((.......)))..)))))).....)).......
339,ACUCCAUUCGUCUCGCGAGCGCAGUGACUCUGGACAUUAU,..((((...(((.(((....)).).)))..))))......
340,GGGCCAGGCAGCGAGAGAUAAGCAGAAGAAGUAUGUGACCAUGCUCCAGAGAGCAACUUCACAUGCGUAGCCAAACCGACCACACGCGUCCGAGA,((....(((.((.........)).......((((((((...(((((....)))))...))))))))...)))...).(((.......))))....
341,GGGACACAAUGGACGAAGUCAGUCGCAUUGGCCGAGCUGUCGCUCUGACCAACUGAUAACGGCCGACAUGAGAG,..........((.((..((((((.....((((.((((....)))).).)))))))))..)).))..........
342,CGUAUUCAUCAGGUAGCGUAGAUCCGUGUGGCGGGCUGUUCCAUUUUA,...........((..((..((.(((((...))))))))).))......
343,ACCCACCUACACCCCUCACCACACUACCAC,..............................
344,UUCCGGCUAUGGUUAAACAAAAGACUAGGGAGGUUAUUCA,.(((..((..((((........))))))))).........
345,CACGGUAGUGCUACCAGAUGGUUAUGUUACUUCAAUUCUG,...((((((...(((....)))...)))))).........
346,UACGACCAAUACGCCCAAUACUGCUCCGACUGCUGCAUUAUCCAC,......................((.......))............
347,CUUCUGCCCGCCUCCUUCCCGCACUUGCAAACCUUCAUGGUCUCGUGCUUGAGUGGUUGGAGACGAGAUAGGCGGACACU,..((((((((.((((..(...((((((((.(((.....)))....)))..))))))..)))).)).....))))))....
348,CGGUCGCUCCGUGUGGCUUGGGUUGGGUGUGGCAGUGAC,..(((((((((((...((.......))))))).))))))
349,GGGAGAGGAGGGAGAUAGAUAUCAAAGCAUAGAUAGGAAUGGCGGCAAGUCACGAACGGUACUGGAACGCACAAGGAGUUUCGUGGAUGCCACAGGAC,....................(((........))).....((..((((..((((((((....(((.......).))..).))))))).)))).))....
350,AUCGGUCUGAACCGGCCCAGCAGACUGCGACGGCACGAU,((((.(....)(((.(.(((....))).).)))..))))
351,CUUCUGCCCGCCUCCUUCCCGGGUCAUAUGGGAACGCUACAGUGUUUCACGCUGAGUUGGAGACGAGAUAGGCGGACACU,..(....((((((((((((((.......)))))).(((.((((((...))))))))).))).........))))))....
352,CCCCGGAACCUUUCCCUAGCCGAAACAGCCC,....(((.....)))...((.......))..
353,GAAGCUUUCACACAACAAGGCCCGGGACUGUAUUAGGGAAAUUAGAGUACAGACAGUCGCCGUGGGUCGAAUUCCGCUCA,...((.............((((((((((((((...............)....)))))).)))..)))).......))...
354,GGGCGAAUUCGAGCCUCAAGACGUCGGGGAUUGGCAAACCCCGUUUCCUUGAGCGACCCCCUGUUACUCGGCGGAUCCUCU,.(((........))((((((....(((((.........)))))....)))))).((.((((.(.....))).)).)))...
355,CUUCUGCCCGCCUCCUUCCGAUUGAAAGGUCUGUUUUUGGGGUUGGUUUGGGUCAAUAGGAGACGAGAUAGGCGGACACU,..(....(((((((.((((.(((((....((.........)....)......))))).))))..)....)))))))....
356,GGGUAACCUUGAGUCACGAAUUCAAGCGGGACAGGAGAAACACGGCAUGUCAGCGAAGGUACCCAACUUACAGCUUCU,((((.(((((((((.....))))).((..((((.(.(.....)..).)))).))..))))))))..............
357,AAAGAGGAUUUGUGUUUUUCAGGAC,.........................
358,AUCAACUCACCGUAGGUCUAGUGAGAACUUCAAGUCUACU,.....(((((.(.....)..)))))...............
359,CUUCUGCCCGCCUCCUUCCUGGUAAAGUCAUUAAUAGGUGUGGGGUGCCGGGCAUUUCGGAGACGAGAUAGGCGGACACU,....(((((((((((..((((.(((.....))).))))...)))).).))))))(((((....)))))............
360,GGGUUCGCUAAGUUGGUCUACCCCUCUCGAAUAUCCGUUA,(((((((...((..((.....))..))))))..)))....
361,UCCCUACGGCGCUAACGACGGGGGAGUUGUGCUCCCGAAAGGAGGUGCCACCGUGCUACAAC,(((((.((.((....)).)))))))(((((.((((.....))))((((....)))).)))))
362,UAAUACGACUCACUAUAGGGAGACCCAAGCCGAUUUAUUUUGUGCAGCUUUUGUUCCCUUUAGUGAGGGUUAAUU,....((..(((((((.(((((.((..((((.(((.......)).).))))..))))))).))))))).)).....
363,GAUGUUUCGAAUGUUGCGGGUGAGACACAGCAUGACAAACUACCGUGUCA,...........(((((.(.......).)))))(((((........)))))
364,AGCAGCACAGAGGUCAGAUGGGUAGGUAGCCGUGCCGGUUGUGCCAUUGAUUGUACAGUUCCUAUGCGUGCUACCGUGAA,........................((((((((((..((((((((.(.....)))))))..))..)))).)))))).....
365,UCCCCGGAACCUUUCCCUAGCCGAAACAGCCC,.....(((.....)))...((.......))..
366,CUUCUGCCCGCCUCCUUCCGUGGGGAUGCCAUUGGUCCACAGGGUUAUGGGAGCAUCAGGAGACGAGAUAGGCGGACACU,....((.(((((((.((((.....((((((((.(((((...))))))))...))))).))))..)....)))))).))..
367,GGGAGCUCAGAAUAAACGCUCAAAAUGCGGGGUGGGUGGGGUGGUUGAAGAAUAUUCGACAUGAGGCCCGGAUC,(((..(((........(((.......)))...........((.((((((.....))))))))))).))).....
368,CUUGCCGUAGACCCAUUUUCCAAUCACAAGUCACGCGUCUCAAGCUGUUA,((((.(((.(((.................)))))).....))))......
369,CUCCUCUGACUGUAACCACGCCCAUAGCGGUGAAUGCAUGAGCAACCCGAUUGACACGGGGCAUAGGUAGUCCAGAAGCC,((..(((((((...(((..((((......(.(..(((....))).))((.......))))))...))))))).)))))..
370,CUUCUGCCCGCCUCCUUCCGUCUUAUGUCGUUAGUCGCAGGGUGAUGAGUGAGGCAAGGGAGACGAGAUAGGCGGACACU,..(((.((((((((((.(.((((..((.((.....)))))...)))))).)))))..)))))).................
371,CACUCGUACAUGUCCGUAGUUUUCCCACACUCCC,..((((........)).))...............
372,GGAAAAGAUGGUAUGGGCCCUAGAAAGUCCACCCGGCGCC,((....(.(((..(((((........))))).))).).))
373,CGGUCGAAAUUCGACCCUGUGUG,.((((((...)))))).......
374,GACUAAACGCAUUGUGCCCC,........((.....))...
375,GGGAGAGCGGAAGCGUGCUGGGCCGGAGUUGAGGCGUAGAUGGUUCAGAUCCGAACGAUGAAGCAUAACCCAGAGGUCGAUGGAUCC,.(....((....))...(((((.((((.((((.((.......)))))).))))...............))))).((((....)))))
376,GGGGUUCCACCUUCACUGGGCGCGCCCAGUGAAGGUGGAACCCC,((((((((((((((((((((....))))))))))))))))))))
377,GACGAGGCUAAAACAAUUGUGUUCCAGGAUUGCGGUACAGGCACCGCUGGGAGUACUACAAGCUUCUGGACUCGGU,..((((.(((...(..((((((((((.....(((((......)))))).)))))))...)))....))).))))..
378,UGGGGUAUCGCCAAAAGAAAGGCACCGGAUUCUGAUUCCGGAGGUCGAGAUUGUCGUCCUCGUACCCCAGCCA,((((((((.(((........)))..((((.......))))((((.(((.....))).))))))))))))....
379,CACCAGACCGACAUCAGCUUAUGGCCCCUCACCCACACCG,.....................(((........))).....
380,UCGUGCCUUUUCUCGAUGGAGUGAGAAGAGGUGACGG,(((((((((((((((......))))))))))).))))
381,CUUCUGCCCGCCUCCUUCCUCGGGGUUAGAACGUCGUGUAGGACUCCUAUCGGUUUAUGGAGACGAGAUAGGCGGACACU,....((.((((((.....((((..(......).(((.(((((...))))))))(........)))))..)))))).))..
382,GGAGUCUUAGGCAGCGCGUUUUCGAGCUACUCCA,(((((.......(((.((....)).)))))))).
383,CUCCUCUGACUGUAACCACGAGAAAUUGGUACUGUAUGAAACGGCAGCUGCACGUCGCGGCAUAGGUAGUCCAGAAGCC,....(((((((((.((((........))))))(((.....)))...(((((.....)))))......)))).)))....
384,CAUGUCUACAACAAUCUCGCCCGUUGAGUCUCGUCGAAUU,...............(((.......)))............
385,AGCGCGCACCUACUGUGAUGCAGAAGUCACAGCAAGGCCC,.....(..(((.(((((((......)))))))..))))..
386,AUAGCCUCCGAUCCGCUAACUCUAACCCGCCAACUCCU,.((((.........))))....................
387,GGCUAUAGCACAUGGGUAAAACGAC,.........................
388,UUAUGGGGAUGAAAGUGGUGUUCGGGUUCGCCACUUCCAC,....(.((....((((((((........)))))))))).)
389,CCACCAGCCCAGAGAUAGCCCAGACACCACCAAGAC,....................................
390,CAGCUCAGAAGCUUGAUCCUGUGAAGGGCUGAUGAGGGGCGUAGCGGCUUGUUCGUAAGACUCGAAGUCGUGCAUCUGCA,...((((..((((.....((....))))))..)))).(..((.(((((((...((.......)))))))))))..)....
391,CUCCUCUGACUGUAACCACGCAGGCCAAUAACUAGCAGGUUACUGUUCAUCAUUUCGCACGCAUAGGUAGUCCAGAAGCC,....((((((.((((((..((((........)).)).)))))).)).).................((....)))))....
392,CCAAGGGCUAAGUCCGCAAAUAUCCUUCCUAAAGGACUCGUUACGUCGG,((..(.((..(((((..........((....))))))).))..)...))
393,ACUACACGAGGACCUACGACUACUACAUUAUGCCAACCGGUCUUGCUUCGACACAGAUACCUC,.......(((((((........................)))))..................))
394,GAGCAUUAACAAAAAGAUCACUAGGAACAGCGGUA,...................................
395,GUACAACACAUCAUUACGGCUGCUAUUGGCUCCAAGCGUCUUUCUCCCUGGUCAAUAGUCCGCCACCACG,.................(((.((((((((((...((.......))....))))))))))..)))......
396,CUUCUGCCCGCCUCCUUCCAACGGGUACUGCCUAUCAGACAUGGAAACGGUGCCGUUGGGAGACGAGAUAGGCGGACACU,..(....(((((((((((((((((.(((((((.((.....))))...)))))))))))))))..))....))))))....
397,GUAAACCGAAGUACUAGACUUGACCUAACA,........((((.....)))).........
398,UCAUGGUGUCUUUCCACAGCUCUUCCCAUGAUCGCCCGG,((((((.(.((......)).....)))))))........
399,UUGGGACGGUGUUAAACGAAAGGGGACGAC,..............................
400,UGUGGGGGUGGACGGGCCGGGUAGA,......(((......))).......
401,GGGAGCUCAGAAUAAACGCUCAAGGAUGGGUGGGUGGGGAGGUUGUAGACUGUAUUUCGACAUGAGGCCCGGAUC,(((..((((.......((((((....))))))...........(((.((.......)).))))))).))).....
402,AAAAAGGAGGAGGAGGA,.................
403,GCAUGCAGUGUCUAUUCUCGAGUAGCGAUCGUUGAAGGGGUAUAAGGUUGGCAGAUCGCUAGCAUGCAACUGACUCGGAUAAGCA,((((((................(((((((((((((............))))).))))))))))))))..................
404,GGGAGAGAGGAAGAGGGAUGGGCGACCGAACGUGCCCUUCAAAGCCGUUCACUAACCAGUGGCAUAACCCAGAGGUCGAUAGUACUGGUCCCCCC,(((.(...((......((.((((.((.....)))))).))....))...)....(((((((.(((.(((....)))..)).))))))))...)))
405,CAACCGAAGGACCUAUUCAGACCGC,........((...........))..
406,UGUAGUUUCCCUGUAUGC,..................
407,CCAGACGUGAGCACUAGAUCAGUACGGAAG,((..((.(((........)))))..))...
408,AAGACGGCCCGGUGUGUAGCCGGAGAUCCGAGACUUGCU,....(((((((((.....))))).)..))).........
409,UCCGGCGCGCUGAGUGCCGGUUUAUCCUCGU,.(((((((.....)))))))...........
410,CUCCUCUGACUGUAACCACGCCCAUAUCGGUGAAUGCACGAGCAACCCGAUUGACACGGGGCAUAGGUAGUCCAGAAGCC,((..(((((((...((((.((((..(((((.(..(((....))).)))))).......)))).).))))))).)))))..
411,GAGACGGCCAGCCAAGGCGCUGAGAUCCGAGGUUUCAG,......(((......))).((((((((...))))))))
412,UAUGAUGGUAGACGCCGUACCGCAUCAGGCCAAGUCGUCACAGAUCGUG,.(((((.((.((((.(...((......))....).))))))..))))).
413,GGGAGAAGGGAAGUAACAGGAGCAUUAGCUACCAAGGGGUCGGGUUGUGGGUGAGAAGAGGUGACGGUACCAG,....................(((....)))(((.........)))..............(((......)))..
414,GAAUCAAUACACAGUCCUGGGUGCUAACCAUGAACACCCAAGGCCUUAGUGGUAUGUGGUUCUUG,((((((((((((((.(((((((((.......)..))))).))).))..))).))).))))))...
415,UGGCUAGUGGGUAAGGGGCGGGAGGGUGACAGGGCGAUCC,.......................((((.........))))
416,GGGAGAAUUCAACUGCCAUCUAUAGAAGAUGAUGCCUGGAUACAAUACAGCCACUCCUCGACUGUAAACCGAGUCCAGAAGCUUGUAGU,...........((((((((((.....)))))..((((((((.(..(((((.(.......).)))))....).))))))..))..)))))
417,AAAACUGAAGCCUCCGCGCUCACCGCGGCGGGCC,.........(((((((((.....))))).)))).
418,ACUCGAACAUUUCCACUAACCAACCAUACUAAAGCACCGC,........................................
419,UACGUGAGCGUGCUGUCCCCUAAAGGUGAUACGUC,.......((((...(((((.....)).))))))).
420,CAGGUCAGUUCAGCGGAUCCUGUCGAAAAACACACACCCCGAGGCGAAUUCAGUGCAACUGCAGC,((((((.(.....).)).))))..............((....))......(((.....)))....
421,AAAGAGCUAAUGUAGGAUGCUGGGGUAGUCCAGCCCUAGAAUAAGCGCUAGUACUACAAGCUUCUGGAGCUCGGU,...(((((....((((..((((((....))))))))))........(((.........)))......)))))...
422,GAUUGAAAGGUCUGUUUUUGGGGUUGGUUUGGGUCAAUA,((........))............((........))...
423,AAUUUCUAAUAUAAUUUCUAAUAU,........................
424,AGUCCGUGGUAGGGCAGGUUGGGGUGACU,.((((......))))..((.......)).
425,UCGCCAACAGGCGG,(((((....)))))
426,AUCGCAUCUGAACCGGCCCAGCAGACUGCUGACGGCACGAU,((...........(((((((((.....))))..))).))))
427,GACUGCGUAUCAACGCGGUGAAACCUAACCUCAUCUUGAU,.(((((((....))))))).....................
428,ACACCCUCAACAAGUCCCGCCAACAACGC,..................((.......))
429,CACUCAGCGCCCUGCGAAACGUUGCCGCCUCCCAACGUCU,......((.....))...((((((........))))))..
430,GGGAGAGGAGGGAGAUAGAUAUCAAGAUAAAAACGCCGGCGUAGCGCUGCAGCGCAAAAAAACACGACUGCUCGCACGAGGUGACUCAGGCAGAGAAGGCGAGUUUCGUGGAUGCCACAGGAC,...................................(((((((.((((....)))).......(((((..((((((.((((....))).).........)))))).))))).)))))...))..
431,AUACCAGUCUAUUCAAUUGGGCGGGGACUGUCGGGAUGUGUGUGGGCCAGAUAGUAUGUGCAAUCA,...((.(((((......))))).)).((((((.((...........)).))))))...........
432,CUAAGGAUCGGAUCCACGGCCUACCAGGUC,....(((.....)))..(((((...)))))
433,CAGCUCAGAAGCUUGAUCCUGUGCGGGCGGCAAGGCCCUGACAGAGAUACUGGCUCGGGACUCGAAGUCGUGCAUCUGCA,.((((....)))).((((((((..((((......))))..)))).))).).((((((.....)).))))...(....)..
434,UAUUAGUAAUCAUAUUAGUAAUCA,...((((......)))).......
435,CGCGGAUCCUGCAGCUCGAGAGCGGUGGGUGUUUACGUGUUUUUGUUUACCUCUAGAAGCUUGUCGAC,((((((((((((.(((....))).))))).)))..)))).............................
436,UGGUCUCCCAAUUCUAAACUUUCUCCAUCGUAUCUGGG,(((....))).............((((.......))))
437,AGCAGCACAGAGGUCAGAUGGUUCGUUGUAGCGCAUAAAGUUUAUCUCUCCCAUGAUUCACCUAUGCGUGCUACCGUGAA,.(.(((((..(((((..((((...(...((((.......))).).)....)))))....))))....))))).)......
438,GGGAGCUCAGCCUUCACUGCACUCCGGCUGGUGGACGCGGUACGAGCAAUUUGUACCGGAUGGAUGUUCGGGCAGCGGUGUGGCAGGGAUGAGCGGCACCACGGUCGGAUCCAC,((..(((((.((....((((((.((.((((.(((((.((((((((.....)))))))).......)))))..)))))).)).)))))).)))))....))..((......))..
439,CAUUACAGCGAAGUUACCAGCCAUACACGGUACAAAUGCGCCCGACUAGU,.......(((..(.((((.(.......)))))).....))).........
440,UAAAUCGUUGCUACAUUCCCAAUUGAACGGCCCGGGUUCUUAACACGUGC,...............(((......)))..((.((.((.....)).)).))
441,UUAGCACAAACAACCCCAGAAGUGCAACGC,...((((...(.......)..)))).....
442,UUAUUAUUGUUUAUUUUGUGUUGUGUGUUUGUGUU,...................................
443,CCUUCGUUGUCUGCCUUCGUUAAUCGGCUCGAUUGAUUCGAGGUGACGGUCGUUGGACGUGACGUUACGCACCCUUCAGAAUUCGCACCA,........(((.((((.(((((((((...)))))))..)))))))))(..((((......))))...)......................
444,AUAUUCGCGAUUAUU,...............
445,GGGAGCUCAGAAUAAACGCUCAACAUGGAUGGGAGGGUGGGGCUGGGUUGUAGAAUAUUCGACAUGAGGCCCGGAUC,..((((...........))))..(......)....(((.(((((....(((.((....)).)))...)))))..)))
446,GGCAGCGAGAGCAAAACAAGUAUGAGACCCAGCUACGGCGACUUCUCAUGCGUAGCCAAACCCA,(((.((....))....(..((((((((....((....))....)))))))))..))).......
447,GGGAGGACGAUGCGGGCGAAGGCACACCGAGUUCAUAGUAUCCCACAGACGACGAGCGGGA,((((..((.((((((((....))...)))....))).)).)))).(.........).....
448,AGCAUAUAGUAUAAAAUUAUCAUAUUGGUGUACGUGUACGGGGUACUUUU,.............................((((.........))))....
449,AAUACGACUCACUAUAGAGGGAGGACGAUGCGGGAUGGACGCUUAUCCGCAUAGAGGUUUACUACUUCGGAGACUGCCGAUACAGACGACGGA,....((.(((.((....)).)))..))(((((((.((......)))))))))...(((.....)))((((......)))).............
450,UAUGGGAGCAUAUACUAUUCUAUGAUAUUUCUAUGCAAUUCAAGAGUCUA,.......(((((...................)))))..............
451,UUAGCAAAGUUGAAGCCGGACUAACAAGCUCUACG,........((.(.(((.(......)..)))).)).
452,AGCGCGCACCUACUGUGAUGUAGAAGUCACAGCAAGGCCC,.....(..(((.(((((((......)))))))..))))..
453,AAGACGGCCGGGGAAACCCGAGGUCCGAGGUAACGC,....((((((((....)))..)).))).........
454,GUGGUGAAGAGGUACCGGAAUUGCUAAAGAUACCACGGCC,((((((....(((.........))).....))))))....
455,UCUCAUGCGUCGAGUGUGAGUUUAACUGCGU,.(((((((.....)))))))...........
456,AGUGAGGUCAACGAUCUUGGGCCCGUUGACGGGAAGCGUAGAACUACAAGCUUCUGGACUCGGU,...((((((((((..(....)..))))))).(((((((((....)))..))))))...)))...
457,UUUGGUUAUCAUGUUUAUGCGUACGGGCGCCCAU,...((.............((((....))))))..
458,UCGAUCACACAGUUCAAACGUAAUAAGCCAAUGUACGAGG,...................(...............)....
459,GUAGAUUGAAUUAAUUGGAAGAGUCGAUCAGUGUUUAAUG,...(((((................)))))...........
460,GUUCACUCGAAUCUUCAGAACACGCAACGG,..((.............))...........
461,ACCAAAAUCAACGCAAAGAGCGCGCCUGCACGUCACCUCA,...........(((.....)))((......))........
462,CCCCCAUGGCACGCCGAUCACGUUUUGCUGUCCGCCGGUCCAUAAAUACU,.....((((..(((.((.((........)))).).))..)))).......
463,AGGGAGCAAUGAACUCAAGUCAAGCCGGGCACGUGGG,...(((.......)))..(((......))).......
464,GGGAGAAUUCAACUGCCAUCUAUAGAGAUGAAGCCAAGCUUCUUUCCCUUAUGGGCCCGUAAACCGAGUCCAGAAGCUUGUAGU,..............(((((((....)))))..))(((((((((.........((((.((.....)).)))))))))))))....
465,UGACUGCCGCACCGACCAUUCACGGUAUUUGGCACGGCC,.....((((.((((........))))........)))).
466,GGGAGCUCAGAAUAAACGCUCAAGGGUUGGGUGGGGAGGUUGUAGAAUGCAGGGGUUCGACAUGAGGCCCGGAUC,(((..(((........((((((.....)))))).......(((.((((......)))).))).))).))).....
467,UCCCACGCAUUCUCCACAUCCGCACGAGCAUCGUACUUCCGUUAUGAUCAUGAGACACAGCCUUUCUGUCCUUCCGUCAC,..........((((...(((...(((.....)))...........)))...)))).((((.....))))...........
468,UCGUGU,......
469,GGUUGGUUUGGUUGG,...............
470,GGGAGCUCAGAAUAAACGCUCAAGGUGGUGGGCGGGGUGUAGAAUUGGAAGGGAUUCGACAUGAGGCCCGGAUC,(((..(((........((((((......))))))..((((.(((((......))))).))))))).))).....
471,ACUAGCCUCAUCAGCUCAUGUGCCCCUCCGCCUGGAUCAC,...(((.......)))...(((..((.......))..)))
472,UGCAGAUGCAAGGUAACCAUAUCCAAAGCA,......(((..(((......).))...)))
473,CAAUCUCCCUACCCGCUUCAAUCUUCCCCCUUCCUACCU,.......................................
474,AGUUUGGCGGGUAGUGGAUAUCAAGACUAUUUGAUGCCGA,...((((((((((((..........)))))))...)))))
475,GGAUGAUGCCGCACUGACGACACGUAGGUGGCGCACAGCC,((.((.((((((.((.(((...))))))))))..))).))
476,GAAUCAAUACACAGUCCUGGGUGCUAACCAUGAACACCCAAGGCCUUAGUGGUGUGUGGUCCCUG,..(((.((((((((.(((((((((.......)..))))).))).)).....))))))))).....
477,GUCAAGUGCACACCCUUGCUCGUUUCUCGAUCGCCACAACCGAUUCCAAG,..((((........))))..((.....))((((.......))))......
478,AUAACACGACAUCCAUAUGUCAGUGGUCUGUGUACGUACACGGUAUUCGC,....((((((((....))))).)))..((((((....)))))).......
479,CCCAGCGGACGCCUCAUGCCGAGUAGCC,......((.(..(((.....)))..)))
480,GCAGAACCACCCCCUUCCAUCACUCCAGCC,..............................
481,GGGACACAAUGGACGACUCACUAUUUGUUUUCGCGCCCAGUUGCAAAAAGUGUCGUAACGGCCGACAUGAGAG,..........((.((.....(.....)....))...))...........((((((.......)))))).....
482,AAUACCCCCCCUUCGGUGCAAAGCACCGAAGGGGGGG,....(((((((((((((((...)))))))))))))))
483,GGUUGGGUUGUCGUAGAUAUAGCUUAGCCA,((((((((((((...)..))))))))))).
484,UGUAUCGUAUUUGGUGAUGUUUGGUGUUCA,....((.........)).............
485,GGCGACCCCCGGGCUACCAGACAAUGUACGCAGCAAGAGUGACGGUCGUACCUCGGAGUC,...(((..(((((.(((..(((...((((.(.....).)).)).)))))).))))).)))
486,GUAUAUGUAUGUGUUGUUUUAUUGUGUGUGUGUGU,...................................
487,GGGAAAAGAGACGGCCGGCGCCAUAGCCGAGAUCCGAGGUGUUGA,...........((((((((......)))).)..))).........
488,CACUACCACGCCAUAUCAGCUAAUGGCCCCUCCCUACGCA,.........(((((........))))).............
489,CUUCUGCCCGCCUCCUUCCGUAAGUUAUUUUCCUCGCGUUGUAUGAUGGAAUUGACUCGGAGACGAGAUAGGCGGACACU,..(....(((((((.(((((..(((((..(((((((.......))).)))).))))))))))..))....))))))....
490,UCACUCUAUACCUCAAACGAAGUUGCACAACCCC,..................................
491,UCACCUGUACACUACCUCUACCAUGCUUGAGCCUACGCCGCCGACACCC,...............(((..........)))..................
492,AUUCGGGCCCAGGAACCAACUAUAUAAAUGUCCCGAAUGCUUCGACG,(((((((.(.((.......))........).))))))).........
493,GGACCUUUGUACCCCAGAUGAUAGUAAGGCGCGGCUUGAUGGGUACAAAUGGCAG,...(((((((((((.....(...((.....))..).....))))))))).))...
494,UCCUACGGCGCUAACGUACUAGCGAGGGUAUGGUGUGGGAAUGUCGCCACCGUGCUACAAC,..((....(((((......)))))))((((((((((((.....))).))))))))).....
495,UCUGCUACGCUGAGUGGCUGUUUACCUUCGU,.(.(((((.....))))).)...........
496,CCCAACAUCUACGGUUAGACCGGGUUUACCUGAGCUGACA,.............(((((..((((....))))..))))).
497,UCCAGGGAUUGAAGUGUCGGGGUAGGAACAUAAAGGCGGC,...............((((.................))))
498,ACUCCAACGAUCCCACCGCGACAAGGGUCAUCGGCACCGU,.(.(...(((((((..........)))..)))))....).
499,AUCGAUGACCCGUAGUGCAGUGAAUUACGU,..........((((((.......)))))).
500,GGGAGAAUUCAACUGCCAUCUAGGCGCUAGUAGCCUCAGCAGCAUAGUUUCGCCGCUAUGCAGUAAGUACUACAAGCUUCUGGACUCGGU,..............(((.((((((.(((.((((.((..((.(((((((......))))))).)).))..)))).))).))))))...)))
501,GGGCCUCGAUUUAGUUCGCGGCCAUAGGGC,.((((.(((......))).)))).......
502,UCCCUACGGCGCUAACUCCCGAUAGGAGGCCCGUGGCCGUGUUAUCGCCACCGUGCUACAAC,.......((.((...((((.....))))))))(((((.(......))))))...........
503,UUCCAUUGGAGUGGAACUGAGUUC,((((((....))))))........
504,GCGACUGGUUACCCGGUCG,.(((((((....)))))))
505,UAAGCUCUUUGGCUUAGCCCGACACGUUGAACUCCAGAGU,...(((((..((..((((.......))))....)))))))
506,UGCACGGAAAUGCAGAAGGCGUGGUCCGUGGGAGGCGACAAGCAUCAAUG,..((((((.((((.....))))..)))))).((.((.....)).))....
507,CAUAGGCUUACAACAGAGCGGGGGUUCUGAUGGUAGACGCCGGGACGCCC,....(((.((((.((((((....)))))).)).))...)))(((...)))
508,GCGCAGGCGGGGUUUGACUUCGAGGCCG,.....((((((((...))))))...)).
509,AUGGCUGUGGUGGAGGGCCGAAGCCUGUACAAAACAGGAAUGCGCUUAUCUUGGAGUAU,....((.((((.....)))).))(((((.....))))).....................
510,GGGAGAAUUCCGACCAGAAGGCUUGCUGUUGUUUCCCUGUUGUUUUGUCUCUCAACUUUAUUGUGGUAAAGAUCACUGGGUUGAUAAGGGCUAACUCUAAUUUGACUACAUGGUCGGACCAAUCAGUUCUUAUGGGAGAUGCAUAUGUGCGUCUACAUGGAUCCUCA,((((....(((((((((.((.(........(((.((((.............(((((((....(((((....))))).)))))))..))))..)))........).)).).)))))))).........(((.(((..(((((((....))))))).))))))))))..
511,GGGACACAAUGGACGUGCGCAUAGGAAUUGCUCUCAAAAAACUGGACAAAAUAAUUUACGGCCGAACGCUUGCUCCGCCCUCUCUCAUAACGGCCGACAUGAGAG,(((.......(((...(((((.......)))....................................))....))).))).(((((((..........)))))))
512,GGGAGCUCAGAAUAAACGCUCAAUCGGUGGGCGGGUGGGGUGGUUGCAGAAUGAAUUCGACAUGAGGCCCGGAUC,(((..((((.......((((((.....))))))...........((..(((....)))..)))))).))).....
513,ACUGGCUAGCUAACCAAUGGUGGAUAUGAGUACCUUGGGC,........((...((((.((((........))))))))))
514,UAUUAGUAAUACUAUUAGUAAUAC,.....(((.(((.....))).)))
515,GCAAUGACCAAGGUACCGACCCUAUGGCUCCGGCCUGCGU,((........(((..((((((....)).).))))))))..
516,UAUUAGCAACAAUAUUAGCAACAA,........................
517,UUAACUCCCAACGCAUCAAUCCCGAUCCGUGACUCCGCC,..........(((.(((......))).))).........
518,CUUGCAAAAUUUGCAACUGUGUG,.(((((.....))))).......
519,GGAAUAGAGACAAAGCCACUCAUAUGAGU,.................((((....))))
520,GGAGGCGCGAUGUAGGUAUGUGAGGGCGGCGCGGUGGGCG,....((((...(..............).))))........
521,GCAGUUAACCAAGCCUGCAUACUGGAUAGACGGCUUAUUUGACUGAAUGCCUCCCGAAAGGUGCAGUU,.(((((((..(((((.((.((.....))).))))))..)))))))..(((((......)))..))...
522,AAUAUCCCCCCUUCGGUGCAAAGCACCGAAGGGGGGA,....(((((((((((((((...)))))))))))))))
523,CCGUAGGUUCGGGGUCGGAGUGGUCCGGAAGGUGGCGUGG,(((......)))..(((((....)))))............
524,AUACCAGCUUAUUCAAUUCAAGUUGCUGUGGGACAGAAACGGGCGCUAGACUAUGCAUAGAUAGUAAGUGCAAUCU,....((((((.........))))))(((.....)))......(((((..(((((......))))).))))).....
525,UACUGCAUGCACACCACUUCAACUA,.........................
526,UCCCACGCAUUCUCCACAUCAGUUGAAUGGUGUGGUCACUUCCAGUCCCGCAGGGCACACCCUUUCUGUCCUUCCGUCAC,.............((((((((......)))))))).........((..((.((((((.........))))))..))..))
527,GGGAGAAUUCAACUGCCAUCUAGGCAGUAGGAAUACCCCCAUCCAAAGCUCGCUAGGCUGAACACAGUACUACAAGCUUCUGGACUCGGU,(((.(.((((.((((((.....))))))..)))).).))).(((((((((.(.(((((((....)))).)))).))))).))))......
528,GAAGUGAAAAUGACAGAACACAACA,.........................
529,GCCCACGGACGAAUGCUUUGAUGUUGUG,...(((...................)))
530,UCCCACGCAUUCUCCACAUCAUAAGCUGAGCAUCUUAGAUCCCCGUCAAGGGCAGCGUAACCUUUCUGUCCUUCCGUCAC,...........(((.............))).............((..((((((((..........)))))))).))....
531,GCGAAAACUCCGAUUUUCCUCUGUAGUGAUGGGAUUUUCCCGCCUGAACC,..(((..........)))...........(((((...)))))........
532,AGGAUGGAUCGAGCGCUGGAGUCUGGAGAAUGUCAC,.........(.((.........)).)..........
533,GCGGAAGGUCCGAAGACCGGCGAAAGGAACGAGAUUGCC,......((((....))))(((((...........)))))
534,GGGAAAAUAAUAAUAAA,.................
535,CUUCGGCUUCACAGCUUUGGAAAGGGUACAAAUUAAACUA,....((((....))))........................
536,AGCGACUGACGAUCUUGAGUAAACCGCUCAUCCACGUAGU,....(((.(((....(((((.....)))))....))))))
537,GGGCGCUUAAUGUAUGCCGUAUGACCCUCAACAUCCGACUCAGUUAAGC,....((((((((...(.((.(((........))).)).).).)))))))
538,AUACCAGUCUAUUCAAUUUGGCGGCGGGGGGGGAGCGGUUUCAUCGUGAGAUAGUAUGUGCAAUCA,...((.(((..........)...)).))......(((.......)))...................
539,GAACGACCACCGCUACCGACUACGCCAUAAACUGCCCGG,...............(((.....((........)).)))
540,AGCUCAGAAUGGAUCCAAACGCUCAUAACUCACUCCAUACUCACUUGCUGAUUCGCCAACAACACACCCUUAAACAGUCCCUUCGACAUGAGAAUUCGGCCGGAUC,.((..((.(((((....................))))).)).....)).((((((((...................(((.....)))..........))).)))))
541,GGACGCGUGGUACCAGGCCGAUCUAUGGACGCUAUAGGGACACCGGAUACUUUAACGAUUGGCUAAGCUUCCGCGGGGAUC,.(((.(((((.((..((((((((...(...(.(((.((....))..))))..)...))))))))..).).))))).)..))
542,CCGCCUCCUUCCGAUUGAAAGGUCUGUUUUUGGGGUUGGUUUGGGUCAAUAGGAGACGAGAUAGGCGG,((((((.(((((.(((((....((.............))......))))).))))....)..))))))
543,CUCCUCUGACUGUAACCACGCCGAAGAGCCUUUUUAGCGUACUGAAAAGGAGUUACUCUCGCAUAGGUAGUCCAGAAGCC,((..(((((((...(((..(.((.(((((((((((((....))))))))).....)))))))...))))))).)))))..
544,GGCAGCGAAAGCAGAAGAAGUAUGUGACCAUGCUUCGGCAACUUCACAUGCGUAGCCAAACCGA,(((.(((.(((..(..((((((((....))))))))..)..)))......))).))).......
545,GGGAAUGGAUCCACAUCUACGAAUUCAGGGGACGUAGCAAUGACUGAGAUGCUGGGUUCACUGCAGACUUGACGAAGCUU,.....(((((((((((((.......(((...............)))))))).))))))))....................
546,AAGACGGCCGGGGAAACCCGAGAUCCGAGGUAACGC,....((((((((....)))).)..))).........
547,ACUCCUCCAAGCGACCAACAUCGGUCCCGUUUCAGAUCAA,.........(((((((......))))..))).........
548,CGUACCAAGAUCCCACAACUAGCCGACCAGGAUUGCCGGC,.....................((((.(.......).))))
549,GGGAGGACGAUGCGGACCGAAAAAGACCUGACUUCUAUACUAAGUCUACGUUCCCAGACGACUCGCCCGA,(((((..((.((.(((.((....(.....(((((.......)))))).)).)))))..)).))..)))..
550,CUUUGGAGACAGUCCGUGGUAGGGCAGGUUGGGGUGACUUCGUGGAAGAAGCGAGACGGU,........((.((((......)))).).)........((((......)))).........
551,AAAACCUACAACACACCCCUCAACUUUCCC,..............................
552,ACAAAGCUGGAGUACUUACCGAACAUCCGUCUAACCCCU,.....(..(((((.(.....).)).)))..)........
553,AGCUUACAAAACCUGUAGUUUUAUGCUUCACAUAUCGCACAGGACGCGUUAAGCU,(((((((....(((((.((..((((.....))))..)))))))....).))))))
554,AAUACCCUCCCUUCGGUGCAAAGCACCGAAGGGAGGG,....(((((((((((((((...)))))))))))))))
555,GGGAACUCGAUGAAGCGAAUUCUGUUGGCGAACUGUACGCAAGUACACUGGAUGACAGGCCUAUCUAUCGGAUCCACG,((((..(((((((.(.....(((((((.(....(((((....)))))...).))))))).)..)).))))).))).).
556,AUCUUUGGCCCUCCACAAUAUCCCUCCAUGGGGUACCAG,.....(((....))....((((((.....))))))..).
557,CAACUACAUGUCGACCCUGAGAAGGCUGUGGAUGUGAUUAGGCCAGUUGC,(((((.((((((.(((((....)))..)).))))))........))))).
558,AGCGACCU,........
559,CCACCACCACAACAAAACUCCAC,.......................
560,GUAUUCUCGGGUGGUUUAAUCAGGAGUAGAGGAGGGUGAUUCCUUUGGUUGGACUACGUGGAGCUUGUGUUG,.....(((..(((((((((((((((((...........)))))..))))))))))))...))).........
561,CUCUUUUUGUCCCCGCACGUUGAACUCCUGUCCCUCUACU,........................................
562,UAGGGAAUUCGUCGACGGAUCCAUCCUCAAAGGUUGGACACACAUCAAUAAUAAUUGUUCUUGUGGGCUCGCGCGGCGCAUGCGUCGACCUGGAG,..........(((((((..((((.(((...))).))))(.((((.((((....))))....)))))(((.....))).....)))))))......
563,GUCUCAAUACGCACCCUGCAUUCCCUUACUCGAGCCUAGC,..........((.....)).....................
564,GCUAUCAUCAUUAACUUUAUUUAUUACCGUCAUUCAUUUCUGAAUGUCUGUUUACCCCUAUUUCAACCGGUUUUUUUU,.........................((.(.((((((....)))))).).))...((............))........
565,CUUCUGCCCGCCUCCUUCCCUAGUCACUAUUGUCUGGCGUGGGUAGGUGCCAAUGGUAGGAGACGAGAUAGGCGGACACU,....((.((((((...((....(((.(((((((.((((((......)))))))))))))..)))..)).)))))).))..
566,CCCUUCAUCAUUAACCCGUCCACGCGC,................((......)).
567,CUACUGAAUUUGGCUUUAUAAGGGUUACGACCGUCCUCGU,....................(((((.......)))))...
568,CUCCUCUGACUGUAACCACGAGUUACUCUGCAAGAAGUUGUCAAGAGCGUGGGAGGGCGGGCAUAGGUAGUCCAGAAGCC,..((((.........(((((.....((((((((....))))..)))))))))))))((((((.......))))....)).
569,GGGAUCGUGGUAGUGCGAAGCCAGUAAACGAGGGCACCACGGUCC,.((((((((((........(((..........)))))))))))))
570,CUUCUGCCCGCCUCCUUCCCUGGAGUGACGGGCUUAUUUGAAUCGGGCGAACUGGACUGGAGACGAGAUAGGCGGACACU,.....((((((((((......)))).).)))))..........(((.....)))..........................
571,AGGACUGAAAUAUUCACGUUGACGUUGUCUUGGAGUGCUGAUCGGAAAACCAAUAUGAUUAAGGGUCCUG,((((((....((.(((.((((.((..(((..........)))))......)))).))).))..)))))).
572,GGGAGAAUUCCGACCAGAAGUUCGAUACGCCGUGGGGUGACGUUGGCUGCCCUUUCCUCUCUCCUCCUUCUUCU,((((((.....(.(.....)..)..........((((((........))))))......)))))).........
573,CCCGUACCACCACACCCUAUGCACAUCGUUGUUUGUCGUCUUUCCCGCAU,..................................................
574,GGGAGCUCAGAAUAAACGCUCAAGGAGGUGGGUGGGAUGUAGACUGGAGAGGGAUUCGACAUGAGGCCCGGAUC,(((..((((.......((((((......))))))...(((.((((.....))...)).))))))).))).....
575,UUUUUGCUGAUCUCGGGUUUGGACUCCUGUUUAUUUAUAAGGAGACGAGAU,.........((((((........(((((((......)).))))).))))))
576,UCAAACGUUGGAUUAAGGUCAAAUGAGUCGUUUUUC,...((((...((......))........))))....
577,UCCCUACGGCGCUAACCAGUGCUAGCCACUGCGGGGUUCCCUUGUUGCCACCGUGCUACAAC,.......((((((....)))))).((....(((((((.........))).))))))......
578,GUGAUCGUCCAGCGACCGAGCAGGAAACUUAUGUAACGACCCGAAAUUCCUGCUUAGACU,....(((.....)))(.(((((((((......((....))......))))))))).)...
579,UAUAACGCCCGUGUUGCUCGGUUAU,..(((...(((.......)))))).
580,UAAACCUGCUGGCAGUGUGACCUAAGGACCAAGCCGUUCCUGAGGAACGUC,....(((...((........))..))).....(.((((((...)))))).)
581,CAGCGAAAGUUGCGUAUGGGUCACAUCGCAGGCACAUGUCAUCUGGGCG,.........(((((.(((.....))))))))((.(.........).)).
582,AAGACGGCCGGCGCCAUAGCCGAGAUCCGAGGUGUUGA,....((((((((......)))).)..))).........
583,GGGGGGAGCAAUAUCUGUGUGUCAAAACCUAACGAUGACU,.((....((.........)).......))...........
584,UCCCUGGCCCAAGAUCCUAAUAAAGUUUUUUCGGACCGGAGCGAAACCACUAUCCUCUUAAGCAAUCUGU,(..((((.((((((..((.....))..)))).)).)))))..............................
585,CAACGUGUGAUAUGUGGGUAUACGCUUGGGUGUUACGCUGAGCACAGAGGGUAUUCGUGU,..............(((..((((.(((..(((((......))))).))).)))))))...
586,UGCCUUGUUAUUGUGGUGGGCGGGUGGGAC,(((((.((.......)))))))........
587,ACACGACGGGAAUACUGACUCUCCCCCAUGU,(((.(..((((..........)))).).)))
588,CAGGAGGCUACUGUCCCUGGGC,((((.(((....)))))))...
589,GGGUUAACAAGAUACCGAGAGAGCUGCAGCAUAAGCCUGCAGAGUGGACCAGUACUACAAGCUUCUGGACUCGGU,.............((((((....(((((((....).))))))......((((.((.....).).)))).))))))
590,UAUCCUCGCCCGUGCACGCCCUCCACUAAGCCCA,.......((..(((.........)))...))...
591,GGCAGGAAGACAAACACGAUGGGGGGGUAUGAUUUGAUGUGGUUGUUGCAUGAUCGUGGUCUGUGGUGCUCU,((((...((((...((((((........((((((......))))))......))))))))))....))))..
592,AUCAGCCAUGUUUACGUCACUCCUUGUCAAUCCUCAUCGG,...............................((.....))
593,GCUUUACCGCACUUCCGAUCUUUAAUUUCGAGUGUAUCAU,........(((((..(((.........)))))))).....
594,CUCCUCUGACUGUAACCACGCCGAAGACCUUUUUAGCGUACUGAAAAGGAGUUACUCUCGCAUAGGUAGUCCAGAAGCC,((..(((((((...(((..((.((((.(((((((((....))))))))).....)).))))...))))))).)))))..
595,CCCGGUUACCGUGUUUGUUCUGCUAGAUUUUGGUU,..(((...)))........................
596,AAGAAGGACAGCACGAAUAAAACCUGCGUAAAUCCGCCCCAUUUGUGUAAGGGUAGUGGG,..........(((...........))).....((((((((..........)))..)))))
597,AACAUAUCCCCAGCCAUGCAACGUGGCGAA,............((((((...))))))...
598,GCCACGAUCACGGGC,(((.((....)))))
599,AUACCAGUCUAUUCAAUUGGGCCCUUUUCUGUGUCUUUCUGUGCCCUUAGAUAGUAUGUGCAAUCA,(((.....(((.((....((((.(......(.......).).))))...)))))))).........
600,AUCAGGGCUAAAGAGUGCAGAGUUACUUAG,.......(......)(........).....
601,GCUAGGCAAUGAAACGGUUGGAGUAAUCCGGUGGCUUGCCAUGAUUUACGUGAGUGCUGAUCCGUGAUG,....(((((.(...(((.(......).)))....)))))).....(((((.((.......)))))))..
602,AGCAGCACAGAGGUCAGAUGCGCGCAGAAUUUUGAGUCAUGUACUAAGGAAUUGAUUGGUCCUAUGCGUGCUACCGUGAA,.....(((...(((.....(((((((........(((((.............))))).......))))))).))))))..
603,UCACCCUGAACCGGCCCAGCAGACUGCUGACGGCACGAU,...........(((((((((.....))))..))).))..
604,AAGACUAGAAGAAGUAUUAAGCCUGUAUUACAGAAGAGGU,....................(((((.....).....))))
605,CUUCUGCCCGCCUCCUUCCGAGCAUUCGUCAGAUAGGUGGCAAACAGUUAUGGGAACGGGAGACGAGAUAGGCGGACACU,..(....(((((((((((((..(....((((......)))).....).........))))))..)....)))))))....
606,CUUGGAUCACCAUAGUCGCUAGUCGAGGCU,..(((....))).((((.(.....).))))
607,CCGUAGGUUCGGGGUCGGAGUGGUCCGGAAGAUGGCGUGG,(((......)))..(((((....)))))............
608,GCGCAGAACGGUGCUGUAACGGUGUGGC,((((......))))..............
609,UAAUACGACUCACUAUAGGGAGGACGAUGCGGACAUAGUAAUGACACGGAGGAUGGAGAAAAAACAGCCAUCUCUUGACGGUUCGGGCGAGUCGUCUG,....(((((((.(................(((((............(((.((((((.(......)..)))))))....))))))).).)))))))...
610,CGACGCACCGAUCGCAGGUUCGGGA,.......((((.(....).))))..
611,CUUCUGCCCGCCUCCUUCCAGCCGUCACAGGUCGCUCAUUCAUUACGGUCUGUUUGCGGGAGACGAGAUAGGCGGACACU,....((.((((((((((....((((.((((((((...........))))))))..)))))))..)....)))))).))..
612,UAGGGAAUUUCGACGGAUCCAGCUGAUGUGGGACGUCAGUUAUAGGAAUGUGGAGGUUGGAAGUUAUGGCUUGCAUCAGCUGCAGGUCGACGCAUGCGCCG,..((.....(((((....((((((((((((((.(((.............................))).)))))))))))))..))))))........)).
613,GCUUGGUACCGAGCUCGGAUCCACGUAGUAACGGGCCGCCAGUGUGCUGGAAUUCGGGUCGUUCUUG,((.(((..(((....)))..))).))((.(((((.(((((((....))))....))).)))))))..
614,AUCACUAGUGAAUUCGCGGCCGCCUGCAGGUCGACCAUAU,................(((((.......))))).......
615,UGUUUGGCUUGGCUCUGCAUCGACAGGUGGUU,......((......(((......)))))....
616,ACAACCCGGAACAACGUCUAACAGUGUACCAUAACCCGGCAUUCA,.....((((.((.((........))))........))))......
617,GGGGGGGGUGGGGUGGGUCAAUAUUCUCGUC,...((((((.............))))))...
618,UAUUAGCAAUAAUAUUAGCAAUAA,.....((..........)).....
619,AUACCAGUCUAUUCAAUUGGGCCCGUCCGUAUGGUGGGUGUGCUGGCCAGAUAGUAUGUGCAAUCA,...(((((............(((((((.....)))))))..)))))....................
620,UCGAAUAGCCCCCCGCGUCCGUCUUCCUUUAGCGAUCUAUGCUCCUUUGUAUGGUCGGGC,.......((((...(...((((........(((.......))).......)))).)))))
621,UCCAUUCAUGUAACGAACAUAGUUUUGGCA,.(((..(((((.....)))).)...)))..
622,CAGCUCAGAAGCUUGAUCCUGUGAGCGAAAAUCCGGAGUAGAGGAGCAGCUGGGUGCUGACUCGAAGUCGUGCAUCUGCA,..(((((..((.......)).))))).....(((........)))...((.(((((((((((...))))).)))))))).
623,GAGGCUGAUGGCAGACGCCGGCCGAAGACA,..((((...(((....))))))).......
624,GGGAGGACGAUGCGGAGUUUCUUCUGAGGUCUGAACCUUUCGAAAGCUGGCGCUCAGACGACUCGCCCGA,(((.........(.((((..(.(((((((((.(...((......))).))).)))))).)))))))))..
625,GGUGAUCGCACAGACACGGGCACUGAUGCGGCUCCCGUACAUAGGCCGGUAGUACUACAAGCUUCUGGACUCGGU,...............(((((..((.....))..)))))....((.((((.(((.......))).)))).))....
626,UUGUAAUGUAUACCGCGCGCCC,......................
627,GUAUAUAGUAUAGUAUUGGC,....................
628,AUAUUUAUAUUUAUU,...............
629,CACCUACCUAAUUAUUAAACUUUGGGCAGUAUCCCGCUUUGCUUCUUAUC,.......................(((......)))...............
630,GGAUGAUGCCGCACUGACGCCACGUAGGUGGCGCACAGCC,((......))(..(((.((((((....))))))..)))).
631,UGUUGUUGGACCAGUGUUAUUUUACGCGAUUGUGCGGUUGUGA,.........(((...((......))((......))))).....
632,CGGGGGUGCCCGCUGCUCGUCCAAAUGACGGCUCAGCUUCGGUGGGCCUUUAACAGUAAUCAAUCAUAUGAGCAGUUUUCAACGAUCACCUACCCACACCGCUCGAAUGUUUGCAUAAACCUGGGUAGACUCACGCAUAAUUGGGUUAUUGAGUCUCUUUGAUGGACUAACCCGGUUCUAUCUCGGAGGUAUUUUAGGUC,.(((....)))((((((((((.....)))((((((.(....))))))).....................)))))))...........(((((((((.........................))))))).(((.((..((((((((((....(((((.......))))))))))))))..)...))))).........)).
633,UAUUAAUAAUAAUAUUAAUAAUAA,((((((((....))))))))....
634,CGCACUGAAGUGGGAUACCGCCUAAACGG,.........((((....))))........
635,AAUAGCAAAAAAAAACAUGAAGUGCAACGC,..............................
636,UAGGGAAUUCGUCGACGGAUCCCGAUACGCACUACAAACGGCGCAUGCGUCGACCUGGAG,..........(((((((.((((((....(.....)...))).).)).)))))))......
637,AUCUCGGGUUUGGACUCCUGUUUAUUUAUAAGGAGACGAGAU,((((((........(((((((......)).))))).))))))
638,GUCUAGCUCUAGCCCCUGAUUACUUAAAGUGAUCACACAG,................((((((((...)))))))).....
639,GAAUGAGGAAUAAUCUAGCUCCUUCGCUGA,(...(((((..........)))))).....
640,UCGAAUCGAGUGGAAGUCACUUC,.......(((((.....))))).
641,GGGAGAAUUCCGACCAGAAGGCUUGCUGUUGUUUCCCUGUUGUUUUGUCUCUCAACUUUAUUGUGGUAAAGAUCACUGGGUUGAUAAGGGCUAACUCUAAUUUGACUACAUGG,((((((......(.(((........))))..))))))....((...((((.(((((((....(((((....))))).)))))))...))))..))..................
642,CAGCUCAGAAGCUUGAUCCUGUGCAGCCGGGGGACAAGCGCGUUGGCCAGAUCAUCCGACUCGAAGUCGUGCAUCUGCA,..(((..(..(((((.(((((......)))))..))))).)...)))(((((((..(((((...))))))).)))))..
643,UGACCAAGCCUCACGUUGAACCUGCCAGUAGACCCCGCCCA,.........................................
644,GUCCAGCUAAAUCUCUACGAACCCCGCAUUCCCCGUAACU,........................................
645,CAUGACAGAAUGUCUGCAGAGCUAAUCUUGGUCACUGAU,..((((.....)))...(((.....))).....).....
646,UCUCAUGCGUCGAGUGUGAGUUUACCUUCGU,.(((((((.....)))))))...........
647,CAGCUCAGAAGCUUGAUCCUGUGCGAUCGAAUGAAAGCUGCUGGAUUGUCGCUAUCCUGACUCGAAGUCGUGCAUCUGCA,.((((....))))......(((((((((((..........(.((((.......)))).)..))))..)))))))......
648,ACAAAUCCCCAGGAGUGCAAUACUCCGCAA,...........(((((.....)))))....
649,GCAUGAAUUCCCGAAGACGCAAACUGAAGAGGCACCGAAGGGGGGG,.......(((((.....(((...((....))))...)..)))))..
650,CUUCUGCCCGCCUCCUUCCAGAGUAGCCAAGCGGAGAGUAUUUUUGACUGCUUCCCCCGGAGACGAGAUAGGCGGACACU,....((.(((((((.((((.(...........(((((((.......))).).))).).))))..)....)))))).))..
651,AAGACGGCCGGCGCCAUAGCCGAGAUCCGAGGUUGUAC,....((((((((......)))).)..))).........
652,GGGAGAGGAGAGAACGUUCUACAGCGCCGGUGGGCGGGCAUUGGGUGGAUGCGCUGUCGAUCGAUCGAUCGAUG,....................((((((((....)))..(((((.....))))))))))(((((....)))))...
653,CAAGGCAGAAUGUAAUGCUGAAUAAGAGAGAAAAGUGUUGGUGAGUGUAG,...((((........))))...............................
654,GUAUUCUCGGUGGUUUAAUCAGAGUAGAGGAGGCUGACUCCUUUGGUUGGACGACGGUGGAGGUUCUUCUUG,....((((.((.((((((((((.....(((((.....))))))))))))))).)))..)))...........
655,GGGCGAAUUCGAGCCUCAAGAGUAGCAACAGAAUUGGAUCCCGACCACUAAGAACCCGGCCUGUUACUCGGCGGAUCCUCU,((((........))))..............(....(((((((((.........((.......))...)))..)))))).).
656,AGUCUGAGUCAAAUUGUGCCACUCCCACUCCAAUUGCGU,(((..(((((.......)..))))..)))..........
657,GGGAGAAGGGAAGUAACAGGUUUCGUGCCUUUUCUCGAUGGAGUGAGAAGAGGUGACGGUACCAG,................(.(((.(((((((((((((((......))))))))))).)))).))).)
658,ACUGUCCUCCCUUCAGAGAGCGCGGGACCCUUAACUUGGGGCCCACGAACAGCUUCAGUUCCGUCUCGGCGU,......(((......)))(.((.(((.(((.......))).))).)((((.......)))).))........
659,GUAGUCAAAAGUCAUACAGCUCUACCAACAGCUCGA,.................((((........))))...
660,CAGCGUCAUUUAGGAUUCGUCAGGUUCUACCGUAGUGUG,..........((((((.(....)))))))..........
661,CAGCUCAGAAGCUUGAUCCUGUGAGGAAUGCUCAUGCAUAGCAAGGGCUAAACACGGCGACUCGAAGUCGUGCAUCUGCA,.(((((....(((.......(((((.....)))))....)))..)))))...((((((........))))))........
662,GAAUUGCGACAGUCGGGACAUGUCGCGAGG,...((((((((((....)).))))))))..
663,CGUACGAAAUUCGUACCUGUGUG,.((((((...)))))).......
664,CACGAUGGUUAGGCGGGCCUUGAGGCUAAUAAUGUUGUUA,...............((((....)))).............
665,GGGGCCACCAACGACAUUUAUCGAAUUGAUAACCUUACGCGAGAGCGUAGUUCGUUGAUAUAAAUAGUGCCCAUGGAUC,.((((.((((((((...(((((.....))))).(.(((((....)))))).)))))).........)))))).......
666,UGACUCCUCUGACAGCCUAAUUUCUCCCGAUUACCCUG,............(((...((..........))...)))
667,GGGAGCUCAGCCUUCACUGCCUACGCGGGCGUUUACGUAACGGCUUAUGGGGAGCUGAGCGCUUGAUCGUGGUAGUGCGAAGCCAGUAAACGAGGGCACCACGGUCGGAUCCAC,.(((((((((((((((..((((..(((........))))..)))...))))).)))))))..(((((((((((........(((..........)))))))))))))).)))..
668,AAAUGAUUGCUACAAUACAUAGAGUCAUGGAGAUUACAUC,..((((((.(((.......)))))))))............
669,GCUGGUCUCUGCGGGUUGUUGCGCCGCGGCACCCUUGGCA,((((((..((((((((....)).)))))).)))...))).
670,AUCGUACAGAGGCAAGCAGAACGCGCGGU,(((((..........((.....)))))))
671,CUUCUGCCCGCCUCCUUCCGACUGUUGGUUCUUGGGAGGAGUGCGGACUUUGCCACGCGGAGACGAGAUAGGCGGACACU,..((((.(((((((((((((((.....)...)))))))))).)))).)...(((.(.((....)).)...))))))....
672,CAGGAAACAGCAAGACAAACGAUGGGGAGCGUAAGACUGCGAGUGUCGGA,...................((((.....((........))....))))..
673,GAAUCAACACACAGUCCUGGGGGCGUAACCAUGAACACCCAAGGCCUUAGUGGUAUGUGGUUCUUG,((((((.(((((((.((((((...((........)).))).))).))..)))...))))))))...
674,UUUCUAGGAAAUUCAAACAGGUUUGUAUUUUUCUAGUUGA,...(((((((((.((((....)))).).))))))))....
675,GGUGAUCAUGGCAGUGUACGCGGGCGGACA,...............((.((....)).)).
676,GUCAGCUGCUCGCGGGAUCGAUCCAUUCGGUGGCCAUGCUCCGGAAGACGGGCCGGCUUCGCAAGACUCAGG,.....(((((.((((.(((((.....)))))((((..((.(((.....))))).)))))))).))...))).
677,GGGAUGAAUAAUAAUAAUA,...................
678,GUUUAUAUAUACACAGGUUAAGCGUAACUUCGCUGGACAGCAAGAAUCCU,................(((.((((......)))).)))............
679,GUCCUAGCAGACACUCGGCCAUCACGCCCAUUGGUUUGCA,......((((((.(..(((......)))....))))))).
680,GGCGAGAACAGGUCGUCCGAGGGUGACCCAACAAGGAAAA,..........(((((((....)))))))............
681,UCCCUACGGCGCUAACGUAUAAGUCGCCUGCAUCACGGCCAGAUUUGCCACCGUGCUACAAC,.......((((((........)).)))).(...((((((.......))...)))))......
682,CAAACAAUCAAACAGCAGUGGGGUG,.........................
683,CUUGCUGCAGAGGGUCCAGAAUAUGUGUGACACUGCGUCGACGGGUUAAG,...((.((((...(((((.......)).))).))))).)...........
684,CUUCUCCCUUGAGGGCCCCAUGACCUGACUGUAGAUAUCUGCCCUCGAG,.......(((((((((...((.((......))..))....)))))))))
685,CACUGCAGUGUAUGCAAAGCUU,...((((.....))))......
686,AAUGAUAAACCACUGGUGAAUCGCUCAAGUCAGUAGUAGG,........((.((((((((.....))..)))))).))...
687,GGGCGAAUUCGAGCCUCAAGUGCCAUGAGUGAAAUAAAACCAUCCGGAACUAAGACUGCGCUGUUACUCGGCGGAUCCUCU,((((........))))..(((.((..((((........))..)).)).)))..(....(((((.....)))))...)....
688,CGCGGAUCCUGCAGCUCGAGCUCCAAGUUAUUGUUUAUGCUUUGCAGGGACUCUAGAAGCUUGUCGAC,...((((((((((((..((((...(......)))))..))..)))))))..)))..............
689,CACCUUAGACCUGUCCUCCAAGCGUGAGUUGCUGUGGCC,..............((.(..(((.......)))).))..
690,GGGAGACAAGAAUAAACGCUCAAAAACUGAUGGAAAAUGUGGGGCUGGUGUGACUUAGGGCCUUCGACAGGAGGCUCACAACAGGC,...........................................((((.(((......((((((((....))))))))))).))).)
691,AGGUUUAGUGAAUAUCUUCGAUGAUCCGAGGCAGGCUAGAUUCCGAAACAUCGCUGAGCG,..(((((((((.....((((...((((......)....)))..))))...))))))))).
692,UGUGGGCCACGCCCGAUUUUACGCUUUUACCCGCACGCGAUUGGUUUGUU,(((((((...))))..................)))...............
693,CUCAGAGACAGAGCAGAAAGGACAGUUCAAGCGACA,(((.......)))(..........)...........
694,CAGAAGGAUAAACUGUCCAGAACUUGGAAUAUAUC,.....((((.....))))(.....)..........
695,AUACGUAACUAACGACGAUCCCCUACGUUA,..........((((...........)))).
696,CUCCAAACUCAUAGCAGAAUUCGCACGGAC,.............((.......))......
697,GGCAAAACGCGCCUCAAAUACGUUAAGCGUCUGCAUCCGGAGCACUACAAGCUUCUGGACUCGGU,(((.......))).......((.....)).(((..((((((((.......))).)))))..))).
698,GGGAGCUCAGAAUAAACGCUCAAUUUGGUGGGUGGGUUGGGGUGGAUGUAGAAUAUUCGACAUGAGGCCCGGAUC,................((((((......))))))((((.((((..((((.((....)).))))...)))).))))
699,GCUACACAUAGGAGUGAUUGCGGGCGCUUCGACCCACCU,((..(((......)))...))(((((...)).)))....
700,AUUGGGGAAGGCGAGGUUGGGGACGCGGGGCGCGUGGUGU,......................(((((...))))).....
701,UGGGGUGAGUGGGCGAGGGGUGAGGAGAUGAAGGGCAUGG,........................................
702,CAGGGGAGCGGCUGCACGGGUUCUGCGGGGGGAGGUUGGG,...........(((((.......)))))............
703,ACAUGGGGGGACGUCGGUCAGGGUAGGUUAGGGGGAGAGA,.........(((....))).....................
704,GGUCUCAUAGGGUUCAAAGGCAUUUGGUGUGAGAGCAGAG,(.(((((((....(((((....)))))))))))).)....
705,UGUGGGAAUGUAGGCCGUGUUCCCAUGCAGAGGCGAUCGG,(((((((((((.....)))))))))))..(.......)..
706,UAAGGAUUGAUGGUGUGGGGGCAGUCUGGUCCCAUAGGGU,.............(((.(((((......))))))))....
707,CAAUAAUCUAACUGUCCCAUGUUUCGGGUGUGUGGGAGAG,...........((.((((((((.......)))))))).))
708,GAAGAGGAAUUGACGGUGUGAGUAGGCGUUCUCAUAGGGU,.............(..((((((........))))))..).
709,AACCUACAAUGGUGUGGGUACCUCCUUCCCAUAGGACCCG,.(((......)))..((((....(((......))))))).
710,UAUGGUCCCAAUUGGUGUCCUCUGUAGGGGAGUGGGAGCA,..((.(((((.......(((((....))))).))))).))
711,GCAUAACAGCUGGUCCACCGCCGCAUCAAGGCGAGAGCGC,........(((...(...((((.......)))).))))..
712,GAUCCACCUGGAGGGGGUACAUCGCGCGGGUCGCCGAUUA,.((((.((....))))))..((((((.....)).))))..
713,GUCUUAGCUCUGCAGCCCACGGAGGAGAGGGGAGGGCCGA,......(((((.(..(((.(......).)))))))))...
714,AACAAAGCAAGGAGGAGUGCUGCCGCAUUCUCGAAGGCCU,......((...((.((((((....))))))))....))..
715,GGGAGAGGAGGGAGAUAGAUAUCAACUGCAGGGUAGCACACGAAGGGCACCGUAGCAAUACGGUUGUUCUGGUUAACUUUCGUGGAUGCC,.........(...(((....)))..).....((((.(.((((((((((((((((....)))))).)).........))))))))).))))
716,GGUAGCACACGAAGGGCAUCGUAGCAAUACGGUUGUUCUGGUUAACUUUCGUGGAUGCC,((((.(.((((((((((((((((....)))))).)).........))))))))).))))
717,GAGAGCCCCAGCGAGAUAAUACUUGGCCCCGCUCUU,((((((....(((((......))).))...))))))
718,GGCCUAAAACAUACCAGAUUUCGAUCUGGAGAGGUGAAGAAUUCGACCACCUAGGCCGGU,((((((.......((((((....))))))...((((..(....)...))))))))))...
719,GGGAAUUCCGCGUGUGCGCCGCGGAAGACGUUGGAAGGAUAGAUACCUACAACGGGGAAUAUAGAGGCCAGCACAUAGUGAGGCCCUCCUCCCAAGGUCCGUUCGGGAUCCUC,.....(((((((.(....))))))))..(((((..(((.......))).)))))((((.....((((((..(((...))).)))).)).)))).((((((.....))).))).
720,CAGCGAAAGUUGCGUAUGGGUCACAUCGCAGGCACAUGUCAUCUGGGCG,.........(((((.(((.....))))))))((.(.........).)).
721,GUGAGACCAGCCGAGUGGUGUCUGGCUAUUCACUGGAGCGUGGGUGGAACCCCUGCGCACUCGUUUGGCUGUCCGGGCCUUCGGGCCGGGAUUAUCUCU,..((((..((((((((....(((((.......)))))(((((((.......))))))))))))....)))((((.((((....)))).))))..)))).
722,GGGACGAAGUGGUUGGGCGCUUCGGCGUGUGAAAACGUCCC,(((((((((((......))))))...((......)))))))
723,GGACGACUGAACCGAAAGGUUCUUGGCUGCUUCGGCAGAGGUACGUCC,(((((((((((((....)))))....((((....)))).))).)))))
724,GGGAGCUUGAUCCCGGAAACGGUCGAUCGCUCCC,((((((..(((((((....)))..))))))))))
725,CUGGGUCGCAGUAACCCCAGUUAACAAAACAAG,((((((.......).))))).............
726,GGCUAGCUGGAGGGGCGCCAGUUCGCUGGUGGUUGGGUGCGGUCGGCUAGCC,((((((((((....(((((((....))........)))))..))))))))))
727,GGAUCCCGACUGGCGAGAGCCAGGUAACGAAUGGAUCC,((((((((.(((((....)))))....))...))))))
728,GGGAGUACGGUGAGGGUCGGGUCCAGUAGGUACGCCUACUGUUGAGUAGAGUGUGGGCUCCGUACUCCC,((((((((((....((((...(((((((((....)))))))..))..........))))))))))))))
729,GGAGCCUGGGAGCUCCCACGGUCCCAGACGUG,(((((......)))))((((........))))
730,GAUACUUGAAACUGUAAGGUUGGCGUAUC,(((((....((((....))))...)))))
731,GGAGGAGGAGGAAGGAGGAGGAGGA,.........................
732,GUACGAAGGAAGGUUUGGUAUGGGGUAGUUGUCGUAC,((((((.........................))))))
733,GAGCCCUGGGAGGCUCGCUGGUCCCAGACAGC,(((((......)))))((((.((...))))))
734,GGCGUGUAGGAUAUGCUUCGGCAGAAGGACACGCC,(((((((........((((....)))).)))))))
735,GGGUUGGGAAGAAACUGUGGCACUUCGGUGCCAGCAACCC,((((((........(..((((((....)))))))))))))
736,GGGAAGGGAAGAAACUGCGGCUUCGGCCGGCUUCCC,.....((((((......((((....)))).))))))
737,GGCGAUGGUGUUCGCCAUAAACGCUCUUCGGAGCUAAUGACACCUAC,(((((......)))))......((((....)))).............
738,AUCGAGGGAGUGGUGAGGAUGAGGCGAU,.(((....................))).
739,GGACUGGGCGAGAAGUUUAGUCC,(((((((((.....)))))))))
740,GGACAUAUAUACGCGUGGAUAUGGCACGCGAGUUUCUACCGGGCACCGUAAAUGUCCGAUUAUGUCC,(((((((.(..((((((.......)))))).((....))((((((.......)))))).))))))))
741,GGACAUAUAAACGCGUGGAUAUGGCACGCGAGUUUCUACCGGGCACCGUAAAUGUCCGAUUAUGUCC,(((((((..((((((((.......))))))..)).....((((((.......))))))..)))))))
742,GGACAUAUAUUCGCGUGGAUAUGGCACGCAAGUUUCUACCGGGCACCGUAAAUGUCCGACUAUGUCC,(((((((.(((.(((((.......))))).)))......((((((.......))))))..)))))))
743,GGACAUAUAUACGCGUGGAUAUGGCACGCGAGUUUCUACCGGGCACCGUAAAUGUCCGACUAUGUCC,(((((((....((((((.......)))))).((....))((((((.......))))))..)))))))
744,GGACAUAUAAACGCGUGGAUAUGGCACGCGAGUUUCUACCGGGCACCGUAAAUGUCCGACUAUGUCC,(((((((..((((((((.......))))))..)).....((((((.......))))))..)))))))
745,GCUACGAAGGAAGGAUUGGUAUGUGGUAUAUUCGUAGC,((((((((......................))))))))
746,GGAGGAGGAGGA,............
747,GGAUCUUCGGGGCAGGGUGAAAUUCCCGACCGGUGGUAUAGUCCACGAAAGUAUUUGCUUUGAUUUGGUGAAAUUCCAAAACCGACAGUAGAGUCUGGAUGAGAGAAGAUUC,((((((((.((.(.(((.......)))).)).((((......)))).(((((....)))))..(((((.......))))).(((((......))).))......))))))))
748,ACUUGGUUUAGGUAAUGAGU,.((..............)).
749,GUACGAAGGAAGGUUUGGUAUGUGGUAUAUUCGUAC,(((((((......................)))))))
750,GCGUACGAAGGAGAGGAGAGGAAGAGGAGAGUACGCGUACGAAGGAGAGGAGAGGAAGAGGAGAGUAC,((((((........................))))))((((........................))))
751,GCGUACGAAGGAGAGGAGAGGUAGAGGAGAGUACGCCGUACGAAGGAGAGGAGAGGUAGAGGAGAGUACGG,.(((((........................)))))((((((........................))))))
752,GGAACCGGUGCGCAUAACCACCUCAGUGCGAGCAA,......((((.(.....))))).............
753,GGAGAGGUUCUAGUUAUACCCUCUAUAAAAAACUAA,..((((((.........).)))))............
754,GGCAGCCAGAAGAGCACGUAUACGCAAGGCUGUC,(((((((......((........))..)))))))
755,GGCCAUAUAACUGCGUGGAUAUAGCACGCAGGUUUCUACCGGGCACUGUAAAUGUCCGACUAUGGUC,(((((((.(((((((((.......))))))).)).....((((((.......))))))..)))))))
756,GGGAAGAUAUAAUCCUAAUGAUAUGGUUUGGGAGUUUCUACCAAGAGCCUUAAACUCUUGAUUAUCUUCCC,(((((((((..(((((((.........))))))(......)((((((.......)))))).))))))))))
757,GGAGAGUAGAUGAUUCGCGUUAAGUGUGUGUGAAUGGGAUGUCGUCACACAACGAAGCGAGAGCGCGGUGAAUCAUUGCAUCCGCUCCA,((((.((.((((((((((.....((.(((((((.(((....))))))))))))...(((....))).)))))))))))....).)))).
758,CGAAACAUAGAUUCGA,((((.......)))).
759,GGAGAUCGCACUCCA,((((......)))).
760,GGCGCGAGGAAGGAGGUCUGAGGAGGUCACUGCGCC,(((((.((......(((((....))))).)))))))
761,GGCGCGAGGAAGGUGGUCUGAGGAGGUCACUGCGCC,(((((......((((((((....)))))))))))))
762,GGACACUGAUGAUCGCGUGGAUAUGGCACGCAUUGAAUUGUUGGACACCGUAAAUGUCCUAACACGUGUCC,((((((....(((.(((((.......))))))))....(((((((((.......))))).)))).))))))
763,GGAUCGCAUUUGGACUUCUGCCCGGCACCACGGUCGGAUC,............(...((((.(((......))).)))).)
764,GACAUAUAAUCGCGUGGAUAUGGCACGCAAGUUUCUACCGGGCACCGUAAAUGUCCGAUUAUGUC,((((((..((.(((((.......)))))..((....))((((((.......))))))))))))))
765,GGAUCUUCGGGGCAGGGUGAAAUUCCCGACCGGUGGUAUAGUCCACGAAUCCAUGGAUUGAUUUGGUGAAAUUCCAAAACCGACAGUAGAGUCUGGAUGAGAGAAGAUUCG,((((((((.((.(.(((.......)))).)).((((......))))..(((((........(((((.......)))))...(((......))))))))....)))))))).
766,GUGAAAGUGUACCUAGGGUUCCAGCCUAUUUGUAGGUGUUCGGACCGAGCGGUACAGGUAUAUUUUUAUAUACCACACCUUAGGGACAAAAGCCCGGGAGGAUAGGUUUCACUCGUA,((((((.((((((...(((((..(((((....)))))....)))))....))))))(((((((....)))))))...((((.(((.......)))..)))).....)))))).....
767,GUGAAAGUGUACCUAGGGUUCCAGCCUAUUUGUAGGUGUUCGGACCGAGCGGUACAGGUAUAUUUUUAUAUACCACACCUUAGGGACAAAAGCCCGAGAGGAUAGGUUUCACUCGUA,((((((.((((((...(((((..(((((....)))))....)))))....))))))(((((((....)))))))...((((.(((.......)))..)))).....)))))).....
768,GACGCGACCGAAUGAAAUGGUGAAGGACGGGUCCAGCCGGCUGCGCAGCCGGCUUGUUGAGUAGAGUGUGAGCUCCGUAACUGGUCGCGUC,((((((((((..............(.(((....(((((((((....)))))))).).......((((....)))))))..)))))))))))
769,AGAAGGAGCGUACAGGUAGGUCGCU,......((((.((......))))))
770,CGGGGCGAAGCGGGUCCCG,((((((.......))))))
771,ACCGUCAGAGGACACGGUUAAAAAGUCCUC,.......((((((...........))))))
772,GGACAUAUAAUCGCGUGGAUAUGGCACGCAAGUUUCUACCGGGCACCGUAAAUGUCCGACUAUGUCC,(((((((.....(((((.......)))))..(......)((((((.......))))))..)))))))
773,GGCACGAGGUUUAGCUACACUCGUGCC,((((((((((......)).))))))))
774,GGCUUCAUAUAAUCCGAAUGAUAUGGUUUCGGAGCUUCCACCAAGAGCCUUAAACUCUUGACUAUGAAGUC,(((((((((...((((((.........))))))........((((((.......))))))..)))))))))
775,GGCUUCAUAUAAUCCGAAUGAUAUGGUUUCGGAGCUUCCACCAAGAGCCUUAAACUCUUGAUUAUGAAGUC,(((((((((...((((((.........))))))........((((((.......))))))..)))))))))
776,GGCCUAAAAGCAUAGUGGGAAAGUGACGUGAAAUUCGUCCAGAUGCGAAAGCAUACGGUUAUACUCCGAAUGCCACCUAGGCCA,((((((...((((.........(.((((.......)))))..((((....)))).(((.......))).))))....)))))).
777,GGGUGGGUUGGGAGGG,................
778,ACCUGGGGGAGUAUUGCGGAGGAAGGU,((((...................))))
779,AGAAGGAGUGUACGGUUAGGUCGCU,......((((.((......))))))
780,GGUCGGUCCCAGACGACCGGAGCCUGGGAGCUCC,(((((.((...)))))))(((((......)))))
781,GGGCUUCGUUAGGUGAGGCUCCUGUAUGGAGAUACGCUGCUGCCCAAAAAUGUCCAAAGACGCCAAUGGGUCAACAGAAAUCAUCGACAUAAGGUGAUUUUUAAUGCAGCUGGAUGCUUGUCCUAUGCCAUACAGUGCUAAAGCUCUACGAUUGAAGCCCA,((((((((.(.(.((((((..((((((((..(((.(((((((((((....((((....))))....))))).)..((((((((((.......))))))))))...))))).((((....))))))).)))))))).)).....))).)).).)))))))).
782,GGGUGUAAUCUCCAAAAUAUGGUUGGGGAGCCUCCACCAGUGAACCGUAAAAUCGCUGUCACCACCCAG,(((((...(((((((.......)))))))..........((((.(((......))..))))))))))..
783,GGACAUUUAAUCGCGUGGAUAUGGCACGCAAGUUUCUACCGGGCACCGUAAAUGUCCGACAAUGUCC,(((((((.....(((((.......)))))..((....))((((((.......))))))..)))))))
784,GGACAUGUAAUCGCGUGGAUAUGGCACGCAAGUUUCUACCGGGCACCGUAAAUGUCCGACCAUGUCC,((((((((....(((((.......)))))..((....))((((((.......))))))).)))))))
785,GGACAUAAAAUCGCGUGGAUAUGGCACGCAAGUUUCUUCCGGGCACCGUAAAUGUCCGACUAUGUCC,(((((((((((.(((((.......)))))..))))....((((((.......))))))..)))))))
786,GGACAUACAAUCGCGUGGAUAUGGCACGCAAGUUUCUGCCGGGCACCGUAAAUGUCCGACUAUGUCC,(((((((....((((((.......)))))..).....(.((((((.......)))))).))))))))
787,GGACAUAUAAUCGCGUGGAUAUGGCACGCAAGCUUCUACCGGGCACCGUAAAUGUCCGACUAUGUCC,(((((((.....(((((.......)))))..........((((((.......))))))..)))))))
788,GGAGAGUAGAUGAUUCGCGUUAAGCGUGUGUGAAUGGGAUGUCGUCACACAACGAAGCGAGAGCGCGGUGAAUCAUUGCAUCCGCUCCA,((((.((.(((((((((((((..((((((((((.(((....))))))))).))...))...)))))...)))))))))....).)))).
789,GAGCAACUUAGGAUUUUAGGCUCCCCGGCGUGUCUCGAACCAUGCCGGGCCAAACCCAUAGGGCUGGCGGUCCCUGUGCGGUCAAAAUUCAUCCGCCGGAG,((((..((.........))))))((((((((((.....).))))))))).......((((((((.....).)))))))(((...........)))......
790,CGACCAACGUGUCGCCUGGUCG,((((((.((...))..))))))
791,UGACCAGGGCAAACGGUAGGUGAGUGGUCA,((((((...(..((....).))..))))))
792,GGACCCACCACGGCGAGGUCCA,((((((.(....).).))))).
793,GGCUUAUCAAGAGAGGUGGAGGGACUGGCCCGAUGAAACCCGGCAACCAGAAAUGGUGCCAAUUCCUGCAGCGGAAACGUUGAAAGAUGAGCCG,((((((((......(((...(((.....)))......))).(((.((((....)))))))........(((((....)))))...)))))))).
794,GGGCAGUGAUGCUUCGGCAUAUCAGCCC,((((.(..((((....))))..).))))
795,GGGCUAAAAGCAUGGUGGGAAAGUGACGUGUAAUUCGUCCACAUUACUUGAUACGGUUAUACUCCGAAUGCCACCUAGCCCAAAGUAGAGCAAGGAGACUCA,((((((.......(((((...(((((((.......)))).)).....)...(.(((.......))).)..)))))))))))......(((........))).
796,GGCGAUAUGGCAUGGAAUCAGCUCAAGGAACUGUGAACGUAUAUCGGGCAACGACUAGGAAACUAGUCGUUGGGAAGAAACUGCCGAUAUACGGGAGUUCCUUGAGCGGGAGAUUCCAUGCCUAAGUCGC,.(((((..(((((((((((.((((((((((((.....((((((((((.((((((((((....))))))))))(.......)..))))))))))..))))))))))))....)))))))))))...)))))
797,GGUCAUGAGUGCCAGCGUCAAGCCCCGGCUUGCUGGCCGGCAACCCUCCAACCGCGGUGGGGUGCCCCGGGUGAUGACCAGGUUGAGUAGCCGUGACGGCUACGCGGCAAGCGCGGGUC,(((.......)))........(.((((((((((((.(.((((.(((.((......)).))).))))((.(((....))).))....(((((((...)))))))))))))))).)))).)
798,GGAAUCGGAUGAAGAUAUGAGGAGAGAUUUCAUUUUAAUGAAACACCGAAGAAGUAAAUCUUUCAGGUAAAAAGGACUCAUAUUGGACGAACCUCUGGAGAGCUUAUCUAAGAGAUAACACCGAAGGAGCAAAGCUAAUUUUAGCCUAAACUCUCAGGUAAAAGGACGGAG,....(((......((((((((......((((((....)))))).((((((((......))).)).)))........))))))))...)))..(((((......((((((...)))))).(((...((((....((((....)))).....))))..))).......)))))
799,GGUAUGCUAGUACC,(((((....)))))
800,GGUCCGUUGAAGACUGCAGGAGAGUGGUUGUUAACCAGAUUUUAACAUCUGAGCCAAAUAACCCGCCGAAGAAGUAAAUCUUUCAGGUGCAUUAUUCUUAGCCAUAUAUUGGCAACGAAUAAGCGAGGACUGUAGUUGGAGGAACCUCUGGAGAGAACCGUUUAAUCGGUCGCCGAAGGAGCAAGCUCUGCGCAUAUGCAGAGUGAAACUCUCAGGCAAAAGGACAGAGGA,..(((......((((((((....(.(((((((..((((((......))))).)...))))))))((((((((......)))).).)))((.((((((.(.((((.....)))).).)))))))).....))))))))...))).((((((....(.((((......)))))((((..((((...((((((((....))))))))....))))).))).......)))))).
801,GGCUUAUCAAGAGAGGUGGAGGGACUGGCCCGAUGAAACCCGGCAGCCAGAAAUGGUGCCAAUUCCUGCAGCGGAAACGUUGAAAGAUGAGCCG,((((((((......(((...(((.....)))......))).(((.((((....)))))))........(((((....)))))...)))))))).
802,GGACGGAGGCGCGCCCGAGAUGAGUAGGCUGUCCCAUCAGGGGAGGAAUCGGGGACGGCUGAAAGGCGAGGGCGCCGAAGCGAGCAGAGUUCCUCCCGCUCUGCUUGGCUGGGGGUGAGGGGAAUACCCUUACCACUGUCGCGAAAGCGGAGAGCCGUCCA,((((((.(..((((((..(.......(((((((((....((.......)).)))))))))......)..)))))))..((((((((((((.......))))))))).)))((.((((((((.....)))))))).)).((((....))))....)))))).
803,AGAGAACCCGGAGUUCCCU,((.((((.....)))).))
804,GGCUUAUCAAGAGAGGUGGAGGGACUGGCCCGAUGAAACCCGGCAACCAGAAAUGGUGCCAAUUCCUGCAGCGGAAACGUUGAAAGAUGAGCCA,((((((((......(((...(((.....)))......))).(((.((((....)))))))........(((((....)))))...)))))))).
805,GGUUUUGGCAGGGUUUUGGU,....................
806,GGAUCACGAGGGGGAGACCCCGGCAACCUGGGACGGACACCCAAGGUGCUCACACCGGAGACGGUGGAUCCGGCCCGAGAGGGCAACGAAGUCCGU,(((((....((((....))))(((.(((((((.......))).)))))))..(((((....))))))))))(((((....))))..)(.....)..
807,GCGCGGAAACAAUGAUGAAUGGGUUUAAAUUGGGCACUUGACUCAUUUUGAGUUAGUAGUGCAACCGACCGUGCU,((((((.(((............)))....((((((((((((((((...)))))))..)))))..)))))))))).
808,GUUCUUAUCAAGAGAAGCAGAGGGACUGGCCCGACGAAGCUUCAGCAACCGGUGUAAUGGCGAAAGCCAUGACCAAGGUGCUAAAUCCAGCAAGCUCGAACAGCUUGGAAGAUAAGAAC,(((((((((....(((((.(.(((.....)))..)...)))))(((.((((((...(((((....))))).)))..))))))...((...((((((.....)))))))).)))))))))
809,CGCUUCAUAUAAUCCUAAUGAUAUGGUUUGGGAGUUUCUACCAAGAGCCUUAAACUCUUGAUUAUGAAGUG,(((((((((..(((((((.........))))))(......)((((((.......)))))).))))))))))
810,GGAUCAUAUAAUCGCGUGGAUAUGGCACGCAAGUUUCUACCGGGCACCGUAAAUGUCCGACUAUGGUC,.(((((((.....(((((.......)))))..........((((((.......))))))..)))))))
811,CUGGGUCGCAGUAACCCCAGUUAACAAAACAAGGUGGAAUCUCCUGG,((((((.......).))))).........(.(((.(....).))).)
812,CCAGGAGAUUCCAC,...((.....))..
813,CCAGGAGAUUCCACGUGGAAUCUCCUGG,((((((((((((....))))))))))))
814,GGGGUGGGAGGAGGGU,................
815,UGGGU,.....
816,CCGGCGCCGG,(((....)))
817,CCCCGGGG,((....))
818,AGAGGUUCUAGCACAUCCCUCUAUAAAAAACUAA,(((((............)))))............
819,AGAGGUUCUAGCUACACCCUCUAUAAAAAACUAA,((((((.........).)))))............
820,GGACAUACAAUCGCGUGGAUAUGGCACGCAAGAUCCCGCCGGGCACCGUAAAUGUCCGACUAUGUCC,(((((((..((((((((.......)))))..)))...(.((((((.......)))))).))))))))
821,GGAUCUUACUUGGUAGACUCGCAGGAAGUCUACCGAGUAAGAGAAAGAGGAAAGACGGCCAAAUUGCGGGAAAGGGGACAACAGCCGUUCAGUACCAAGUCUCAGGGAAACUUCAGAUGGCCUCGCAAAGGGUAUGGUAAUAAGCUGACGGACAUGGUCCUAACCACGCAGUCAAGUCCUAAGUCAACAGCCUUGGCUGUUGAUAUGGAUGCAUUUCGAUCCAACCGAGGCUCAUUCUUGUAAUUCAUGGCCGUCGGGGAGGCACUUCGGUGCCUCUGAUAACAACUUGAAAUAAGGUUGGCUCAACGGCGCGUGACAGACAAUUCGCGCUGGAACUGCAGUCGGACCU,...(((((((((((((((((....).))))))))))))))))...........(((((((((((((((((((.(((.((..(....)....)).))..((((.(((....))).))))(((((((....((((..........((((((.(.(.((((....)))).)).)))).((((...(((((((((....)))))))))..))))))......))))...)))))))).)))))))))))..))))))))..((((((((....)))))))).................(((((((((((.(((((((.((.......)))))))))....)).)))).)))))
822,GGUAGACUCGCAGGAAGUCUACCGAGUAAGAGAAAGAGGAAAGACGGCCAAAUUGCGGGAAAGGGGACAACAGCCGUUCAGUACCAAGUCUCAGGGAAACUUCAGAUGGCCUCGCAAAGGGUAUGGUAAUAAGCUGACGGACAUGGUCCUAACCACGCAGUCAAGUCCUAAGUCAACAGCCUUGGCUGUUGAUAUGGAUGCAUUUCGAUCCAACCGAGGCUCAUUCUUGUAAUUCAUGGCCGUCGGGGAGGCACUUCGGUGCCUCUGAUAACAACUUGAAAUAAGGUUGGCUCAACGGCGCGUGACAGACAAUUCGCGCUGGAACUGCAGUCGGACCU,(((((((((....).))))))))...................(((((((((((((((((((.(((.((..(....)....)).))..((((.(((....))).))))(((((((....((((..........((((((.(.(.((((....)))).)).)))).((((...(((((((((....)))))))))..))))))......))))...)))))))).)))))))))))..))))))))..((((((((....)))))))).................(((((((((((.(((((((.((.......)))))))))....)).)))).)))))
823,GUGCGAAGGGACGGUGCGGAGAGGAGAGCAC,.............((((..........))))
824,GGAGGGAAAAGUUAUCAGGCAUGCACCUGGUAGCUAGUCUUUAAACCAAUAGAUUGCAUCGGUUUAAAAGGCAAGACCGUCAAAUUGCGGGAAAGGGGUCAACAGCCGUUCAGUACCAAGUCUCAGGGGAAACUUUGAGAUGGCCUUGCAAAGGGUAUGGUAAUAAGCUGACGGACAUGGUCCUAACCACGCAGCCAAGUCCUAAGUCAACAGAUCUUCUGUUGAUAUGGAUGCAGUUCACAGACUAAAUGUCGGUCGGGGAAGAUGUAUUCUUCUCAUAAGAUAUAGUCGGACCUCUCCUUAAUGGGAGCUAGCGGAUGAAGUGAUGCAACACUGGAGCCGCUGGGAACUAAUUUGUAUGCGAAAGUAUAUUGAUUAGUUUUGGAGU,....((...((((((((((......)))))))))).(((((((((((.((.......)).)))))).))))).............((((((...(((((((....((((.((((((((.(((((((((....))))))))).(((((....))))).)))).....))))))))...)))))))..)).))))((...((((...(((((((((...)))))))))..)))))).((((...(((((..((((.....(((((((.....)))))))....)))))))))))))))(((((....)))))(((((((.(..((((......))))..).)))))))(((((((((.((((((....)))))).)))))))))......
825,GUUGAUAUGGAUUUACUCCGAGGAGACGAACUACCACGAACAGGGGAAACUCUACCCGUGGCGUCUCCGUUUGACGAGUAAGUCCUAAGUCAACA,((((((..(((((((((((..(((((((.....(((((...((((....))))...))))))))))))....)..))))))))))...)))))).
826,GGACAUAUAAUCGCGUGGAUAUGGCACGCAAGUUUCUACCGGGCACCGUAAAUGUCCGAUUAUGUCC,(((((((..((.(((((.......)))))..((....))((((((.......)))))))))))))))
827,GGACGAGGAGCGCUGCAAGCGAGAGCCCAGGCUCGUCCGUUCAAACGGCGCUCA,.......((((((((..(((((((((....)))).).))))....)))))))).
828,GCGGGGACGACCCUGC,((((((....))))))
829,GGACGAGGAGCGUUGCAAGCGAAAGCCCAGGCUAGUCCGUUCAAACGGCGCUCA,.......((((((((..((((..(((....)))....))))....)))))))).
830,GCGCGGCGAUUUAACCGUAUUGCAGUCGCGUGAUAAAUGUAGCUAAAAAGGA,((((((((..............).))))))).....................
831,GUCUAAAGUUUGCUAGGGUUCCGCGUCAUAGGUGGUCUGGUCCAAGAGCAAACGGCUUUCACAAAGCCACACGGAAGGAUAAAAGCCUGGGAGAU,..(....(((((((.(((((((((.......))))...)))))...)))))))(((((.....))))).......(((.......)))....)..
832,GGUACACGACAAUACUAAACCAUCCGCGAGGAUGGGGCGGAAAGCCUAAGGGUCUCCCUGAGACAGCCGGGCUGCCGAAAUAUC,.((..........))....((((((....))))))..(((..(((((..(((((((...)))))..))))))).))).......
833,GGAUCACGAGGGGGAGACCCCGGCAACCUGGGACGGACACCCAAGGUGCUCACACCGGAGACGGUGGAUCCGGCCCGAGAGGGCAACGAAGGUCCGA,(((((....((((....))))(((.(((((((.......))).)))))))(.(((((....))))))...((((((....))))..))..)))))..
834,GAUUUGGGGAGUAGCCGAUUUCCGAAAGGAAAUGUACGUGUCAACAUUUUCGUUGAAAAACGUGGCACGUACGGACUGAAGAAAUUCAGUCAGGCGAGACCAUAUCC,(((.(((......(((.((((((....))))))((((((((((.......((((....)))))))))))))).(((((((....))))))).)))....))).))).
835,GUACACGACAAUACUAAACCAUCCGCGAGGAUGGGGCGGAAAGCCUAAGGGUCUCCCUGAGACAGCCGGGCUGCCGAAAUAUC,..................((((((....))))))..(((..(((((..(((((((...)))))..))))))).))).......
836,AAAGGGGAGUAGCGUCGGGAAACCGAAACAAAGUCGUCUAUUCGUGAGGAAACUCACCGGCUUUGUUGACAUACGAAAGUAUGUUUAGCAAGACCUUUCC,...((((((..((.((((....))))((((((((((.......(((((....)))))))))))))))(((((((....)))))))..)).....))))))
837,GGCGAUACCAGCCGAAAGGCCCUUGGCAGCGUC,((((.(.((((((....)))...))).).))))
838,GGUUUCAACAUCCCCGUUCGGCGCUCGAAAGAGGUGGCCGGACUGAAGCC,(((((((........(((((((((((....))).).))))))))))))))
839,GCUUCAACAACCCCGUAGGUGGGGACGAAAGUCAGCGCACCUACUGGAGCC,(((........((.(((((((.((((....)))..).))))))).))))).
840,GGUCAAAUAGGUGCCGGUCCGUGAACAACAGCCGGCUUAAAAGGGAAACCGGUAAAAGCCGGUGCGGUCCCGCCACUGUAAUUGGCCAAGCGCCAAGAGCCAGGAUACCUGCCUGUUUGAUCAGCACGAAUUCUGCGAGGACAGAUGA,(((((((((((((.(((.((((........((((((((....((....)).....)))))))))))).)).))..(((...(((((.....)))))....)))(...)..)))))))))))).........((((......))))...
841,GCCCGAGC,((....))
842,GGAGCCCC,((....))
843,GGUUGGUGUGG,...........
844,GAUCGAAACGUAGCGCCUUCGAUC,(((((((.((...))..)))))))
845,GCACGCGC,((....))
846,AAAGGGGAGUAGCGUCGGGAAACCGAAACAAAGUCGUCAAUUCGUGAGGAAACUCACCGGCUUUGUUGACAUACGAAAGUAUGUUUAGCAAGACCUUUCC,...((((((..((.((((....))))((((((((((.......(((((....)))))))))))))))(((((((....)))))))..)).....))))))
847,GGCUUGGGGAGUAGCCUGCUUUCGGAAACGAAAGCGCCUGUAUCAACAUACUCGGCGAAAGCCGUGGUGCAGGACCGAAAGGUCUGGCGAGACCAGGCC,(((((((......(((((((((((....))))))))(((((((((.......((((....)))))))))))))(((....)))..)))....)))))))
848,UUGACCGCUGUGUGACGCAACACUCAAUUUCUUCCAGCCGGUCCG,..((((((((.(.((..............))..)))).)))))..
