Unique RNA,Secondary structure
UCGGAGGUGGUUCAGCUCUGCAUCGACAGUUGGC,
CGGGGUGUUGUCCUGUGCUCUCCGGAGAGCACAGGACAACACCCCG,
GCUGCAGUUGCACUGAAUUCGCCUCUCGCCUCCGUACACUUAGUCGACAGGAUCCGCUGAACUGACCUG,
UAUUUGCCCUUGCAGGCCGCAGGAGUGCUAGCAGU,
UCUCUGGGCUCUUAGGAGAACGGAUAGGAGUGUGCUCGCU,
GGGAGACAAGAAUAAACGCUCAACACAGAACGCGGUCCCCACACAGGACAGGAGCCAGCCCCGGUUCGUCAGGAGGCUCACAACAGGC,
CUUCUGCCCGCCUCCUUCCGUUUUCCUGCGGCAGCGUUUUGUUGCUUUCGUUCCUCCGGGAGACGAGAUAGGCGGACACU,
CACCUACUAGACCACUUUUUGAGCCGGUUUUUUCGGGAACUUGCCAA,
GCAACAGAGGCUGAUGGUAGACGCCGGCCA,
ACGAAACCUGCAGUCCUGCAAUGGGACAAG,
GGGAGGACGCGUCGCCGUAAUGGAUGUUUUGCUCCCUG,
CGUGUCGUAUUGAGUGAUAUGAUGCACAUA,
GUCGAGACAUAAGAAACAAGAAGAUCCUGAAACUGUUUUAAGGUUGGCCGAUCUUCUGCUCGAGAAUGCAUGAAAGCGUU,
GGGUUACCUAGGUGUAGAUGCUCACUUACACAAACCUGUAGUUUUAUGCUUCACAUAUCGCACAGGACGCUUAAGUGACGUCUGAACUGCUUCGAA,
UAUCCUCCAGAGCAUCGCCGUCCAUAACCACUUACCUCCU,
GGUUGUGAAGAUUGGGAGCGUCGUGGCUAC,
UGGUAGGACGGCACCGGAGAAAGGUAGCAUGAUAAGCGAGUACCUGCCGU,
AGACCUUAUACCUGAGAUUACACGCUCUUCGAGCACGUCGAC,
UCCCACGCAUUCUCCACAUCGAGGAGUAUCGGGGCACGAUCCUAUUUAAGGCCGAUAACCCCUUUCUGUCCUUCCGUCAC,
GCGUGCAGUGCCUUCGGCCGUGCGGUGCCUCCGUCACGCU,
GGCUUAGCUAAACGUAGCGGGUAUCGAACGCGAGCGGCAUGCCGAUAUCAUGAGUAGCCGUGAUAGCAUGCUGCUCGGAUAAGCA,
AAUAGCCCCCCUUCGGUGCAAAGCACCGAAGGGGGGC,
GGGAGAAGGGAAGUAACAGGGUGGGUCUCCGCAUUUGUGCUUCGAUCCGGUGAGAAGAGGUGACGGUACCAG,
UCCCACGCAUUCUCCACAUCAAGUGGGGCACCAGGUUUGGUCCCCGGAUAGGGGCCACUUCCUUUCUGUCCUUCCGUCAC,
GGGAGCUCAGAAUAAACGCUCAACGGUGGUGGGUGGGAUGAAGAAUGGAGAGGGGUUCGACAUGAGGCCCGGAUC,
CGUACCAAGAUCCCACAACUAGCCGACCACAAUUGCCGGC,
AGAGAGAAAGCCAACCAUAGCAAAUGAUACGGAGAUUUUG,
GCAGAGAAAGGGUAAGUAUGAUGUCUACCGGAAUGUGUGGGCUUGGUGCG,
CUUUUAUAGGAUCGCACCUAUGAAUCUAAUAGUCAAGUCC,
CCCAAUUCCGACCUGCGUCUACGUAACCUGCCAUCG,
GGGAGAGGAGGGAGAUAGAUAUCAAACAAGAUCGCGUCUACUGGCACAGAAAGAGCAAUGCGGAACUAUAGCUGAGAGUUUCGUGGAUGCCACAGGAC,
AGAAUGACCCGAUGAGGUACGCCACGACUGCCCACUUCUU,
CCCUGAUGGUAGACGCCGGGGUGCCGGAA,
GGUUGGUGUGGUUGG,
AGAUACGCUCGUGUUGCUCGAUAGC,
CUUCUGCCCGCCUCCUUCCGUUUGAUCAAGCUGGUUUGGACUUUCGGAGACGAGAUAGGCGGACACU,
CACCUUGCGAAGCAUAGUAACACCCAACACGCCCCAUGCG,
GGACCUUUGUACCCCAGAUGAUGCUUUAUCAGGCGGAUGGGUACAAAUGGCAG,
AGCCAGUCAAGUUAAUGGGUGCCAUGCAGAAGCA,
UGACACAAAGACAGACAGGCUAUCCAAGAACCCUCUUACUCUGUGAGACGACGCACCGGUCGCAGGUUUUGUCUCACAGACGCUAAAAAUACAGACAUGCACCAAUGAACAAUGAGUUCGACCGUGUUCUUGAGUUUUAUGGCCGAUGUGGUAAGUACUUCUACUGUAUCUUCGCGUACCUUAGGUUUAACGUUCUCUUUUUCGGAAUGUGCUCGCCCGCGGCAUCCGACGUCCCUUUGGGGGGUAGGUGCAACGGGAAUCUUGAGGGAUCAUU,
CAGCUAGAGGCAAAGUGGUCUCGACGUAGGGGGACCUGCUCGCUG,
AAGACGGCCCCCGCCAAUCAAGGGAGAUCCGAGGAAUUGG,
GGGAGAGGAGAGAACGUUCUACCUUGCCUAACAGGAGGUGGAGUAUUGGACCCGCUGUCGAUCGAUCGAUCGAUG,
GGGAGAAGGGAAGUAACAGGUGGGCGCGUGAUUAUGUUUGUACGAAGACUGUGAGAAGAGGUGACGGUACCAG,
AAUACGACUCACUAUAGAGGGAGGACGAUGCGGGGUGCUUCGAGCGUAGGAAGAAAGCCGGGGGCUGCAGAUAAUGUAUAGCCAGACGACGGA,
UGACUGCCGCACCGACCAUUCACGGUAUUGGCACGGCC,
GAAUCAAUACACAGUCCUGGGUGCUAACCAUGAACACCCAAGGCCUUAGUGGUAUGUGGUUAUUG,
AGGAGAAUUAUGAGCGGGACAACUUCGUUCCGUGUUCGCGUACUGAGCGC,
UUAACCAUCAGCUCAUGGCCCCUGCCCUCUCAAGGACCAC,
GGGACACAAUGGACGUCCGCGGCGCCAUCUCAUGUUUAGUUGUCCUAUGUCGAGCUAACGGCCGACAUGAGAG,
CCAGAAGAAGCCCACUAGCGUGCUUUUGUC,
AUUACCGGCGAGUUUUGAACCGCGUAAU,
GGCGAAUUCAGGGGACGUAGCAAUGACUGCC,
GUUUCCAAAGCCGGGGGGGUGGGAUGGGUU,
AUAUUAAAAAUUAUU,
GACAUCUGUAAGUAAGAUUCUAUCUGCAAAGCGGUUAGGAGGGCUCGGACUCUGAUUGCCUCCCCGCACC,
AGAACAAAGUCAGGACGUUCCGAACUAAUGAUCCAAUCAG,
CAGCGGCCCAGACCAGGAGGGGUGAUGGUGGGCAAGUGGGUCGCUG,
UCAGACACUUUGCCAAAAAACAUGAUACAAGUUCGCUGCC,
AUACCAGCUUAUUCAAUUGACAUGACUGGGAUUUUUGGCGAAAUCGAAGGAAGCGGAGAGAUAGUAAGUGCAAUCU,
CUUCUGCCCGCCUCCUUCCUUCUUGAAUUUUGAGAUGAGGUCACUAGGUCCUUCGCGGGGAGACGAGAUAGGCGGACACU,
GAGCCAGUAAGUGACCCGUACUAAUACUGUUGAGUAGUAUGUAGAGGAGUGGUGAUCCUCCAAACUGCUG,
UCCCUUCAUCAUUAACCCGUCCACGCGC,
UGACGCGAUCCGCCGUUCCCAUCCGCACGCCCUACACCU,
GGACCUUUGUACCCCAGAUGAUAGUGAGGCGCGGCUUGAUGGGUACAAAUGGCAG,
CAAGGCAGAAUGUAAUGCUGAAUAAGAGAGAAAAGUGUUGGUGAG,
AUCGCCCUGAACCGGCCCAGCAGACUGCUGACGGAACGAC,
CGGAAUUCCGAGCGUGGGCGUGAGCCCUAAACACAAGUCCGCAGGGGUGUGGUAAUAUUCGCAGUUGUGUGUACGCCCACGCUCGAG,
GGGAAUAAUAAUAAUAAUG,
GGGAGCUCAGAAUAAACGCUCAAGAAGGUGGGAGGGUGGGGUGGUUGAAGAAUGUUCGACAUGAGGCCCGGAUC,
CUCCUCUGACUGUAACCACGGUAUAAACCUAGUACGAAGCGUAUCUUUACGGGUGCCUGAGCAUAGGUAGUCCAGAAGCC,
GGGCCGUUCGAACCGAGCAUGGAUCGAGGAUGGGAACACCCAGUAGGAGGAUGGGCAUGGCCGGACCCAAAAUUAGCAGUGGGACAGUACUCAGGUCAUCCUAGG,
GGGACACAAUGGACGAAGCCAGUCGCAUUGGCCGAGCUGUCGCUCUGACCAACUGGUAACGGCCGACAUGAGAG,
UAUUAGUAAUAAUAUUAGUAAUAA,
CCUUCGUUGUCUGCCUUCGUAGCGGAUCGAAUUACGCGUUAACGGCAACCGAUAACGGGACCGAUUGCACACCCUUCAGAAUUCGCACCA,
UUGUUACACACCCGAUUGAAAAAGCGAGUCUGACAG,
GGGUUACCUAGGUGUAGAUGCUCUUCAGAUUCAUUUAUAAGAUCCGACAACCUGUCUAUUAGUUGCGCCGAUUAAGUGACGUCUGAACUGCUUCGAA,
CGUUCGAAAUUCGAACCUGUGUG,
AUACCAGCUUAUUCAAUUCCUAAUCUUCAUGCGUUAAUAUUUACUGUGCGUUGCUUCGAGAUAGUAAGUGCAAUCU,
GGACCUUUGUACCCCAGAUGACGGCUCAUUUCGUGCUUGAUGGGUACAAAUGGCAG,
CAAAACGUGGAUUGGGUCAAAUGAGUCGUUUUUC,
AGCAGCACAGAGGUCAGAUGAAGCGAUUGUAAUCAACGCCGUAAGACCUCGAGUCGAUUUCCUAUGCGUGCUACCGUGAA,
GAAGCUUACAAGAAGGACAGCACGAAUAAAACCUGCGUAAAUCCGCCCCAUUUGUGUAAAAAAAAAAAAAAAAAAAAAAAAA,
AGCAAGGGCCACUGCAAAGCACGCGAGCAU,
GGACCUUUGUACCCCAGAUGAUAGUAAAGCGCGGCUUGAUGGGUACAAAUGGCAG,
GCGGACCCGCCGAAAACGCAACCGUGCACAAUUCUGAGCAUGGGCGGGCCAGUACUACAAGCUUCUGGACUCGGU,
CCAGAUUGUCCCCCACCAGAAGUGCAAUGC,
GGGACGCGUGGUACCGACGGAGGCUUGUUUAUGUAGGGAUGUAAGGGGAUGGGCAAUGUGGCGACAGCUU,
GUAAGGGUUCACUCUGCAUCGACAACUGGA,
GGGAGAGGAGAGAACGUUCUACAGCGCCGGUGGGUGGGCAUAGGGUGGAUGCGCUGUCGAUCGAUCGAUCGAUG,
AGCAACCU,
UAUUAGUCAUAAUAUUAGUCAUAA,
CUCCUCUGACUGUAACCACGUGCCUAGCGUUUCAUUGUCCCUUCUUAUUAGGUGAUAAUAGCAUAGGUAGUCCAGAAGCC,
GGGAUAUCCUCGAGCAUAAGAAACAAGAUAGAUCCUGAAACUGUUUUAAGGUUGGCCGAUCUUCUGCUCGAGAAUGCAUGAAGCGUUCCAUAUUUUU,
CCAAGCAUCAGCUGG,
CCACAGUACUACCGUAUAACAUGAUGUCAA,
GGGAGGACGAUGCGGUGACGUAAGAGUGUAAUCGAUGCAGCCUGGCAGACGACGAGCGGGA,
UCGGACCGGCAAUAAGGGUAUGGCCGUAUAAUCCAGGUCGCCGCUGUCCGA,
CUCAGAGACAGAGCAGAAACGACAGUUCAAGCCGAA,
CUAUAGAGGUGCUCCAGGGCGAUAAACUUAUGAAUAUUAA,
CCGCGCAAGGGGUAACCGGAGAAUAUUUGG,
GGGACGCGUGGUACCAAAGAGGCUGCGCGGAAGUGAGGGUGUUGGUUACGAAGGUUGGUGUGUGAAGCUU,
CCACAGUCACUGGG,
GAAGGGACGAUAAAGAGGAAUCGAACAACAAGUGGCUGGC,
GGGAGAAUUCAACUGCCAUCUAUAGAGGAUGAAGCCAAGCUCCUAGAAGGCCUCUUGCCUAAACCGAGUCCAGAAGCUUGUAGU,
UAUUAUGCCUUUAGCUAGCGCAUUCUGUGGGGUGGGUGGA,
CGCCGUAUUAAGAUUGGGAGACCUGGUAGA,
BCGAGGCGUGUGCAAGGCGUGUUGUUCAAAGGUGUGUGUGU,
GUCAAGNACGCGAACCCCGCAUUCCCAAGAACGGCAACCCU,
AGCCGUCGCUAGUUUGAUUCCGUGUGUUAGUGGUU,
AUUUGCAACACUUACCACUAAAAGGGCCGACGACCGAUGAUGUUAGGUCCAGUGCUUUCU,
GACGGCAACCCGUUAUAACCUCCCACUGGCUAUCCCGUUAAGCUUCCCUA,
CAUGAGGUCGUAUGCGAUCUGCAUCGACAGCUAGGCGGAGCUAUCG,
UAUUAGUACUAAUAUUAGUACUAA,
UCCGGCGCGCUGAGUGCCGGUUAUCCUCGU,
ACAUGUGAUGAUAUAUCGUGUCUCGUGAUA,
ACACCCACCGCAGGCAGACGCAACGCCUCGGAGACUAGCC,
CCAGACGUUCUCGCCCCGCCGAUCAUCAGCGCUGGCCCUAU,
GCGCAAACCCGAAGAAUGCCCAAAUUGAUCCAGAGCAAGUGGGAAUGAUAUAAAGUACCUGGUCCUGG,
GGUCGAUAAAAACCCCAGAGGCGCAACGC,
UAGUGAUGUUCGUGGCGAAUGAUACACUUA,
GCAUCAAGACCCUGCGCAUGGAGCCUUCUGCAACCACUCC,
ACAUUCCAAAUUACCCACCCACUGCUCCUAUCUG,
AAUACCCGCCCUUCGGUGCAAAGCACCGAAGGGCGGG,
UCGGGGGGGUUGUUCGUGGAAAAUGCUUGCG,
CCGACCUCCAUGGAAACAUUCUGCGACUACUUACUGGCC,
CAUACCAUCCCCAUUUUCGCAAUGAAAAG,
GGUUGGGUUGUCGUAGAUAGAGCGCUUCAA,
GGGAGAGGAGAGAACGUUCUACGUCGUGAGUAAUGGCUCGUAGAUGAGGUCGCUGUCGAUCGAUCGAUCGAUG,
ACGCGCUAGGAUCAAAGCUGCACUGAAGUG,
CAUGAGGUCUAUCACUGCAUCGACAGCUAGGCGGACAAUG,
UCCAAACCCCGUUGAGAGUUGAUCCGGUCUAGGGAAUGGAAAGAAGUAGGUAUCGAAGAGAAUGUACCCU,
UCAAAAGGGGUGAUUGCUUGCACAAUGACAGGGUAGGACA,
AAUACCCCCCCUUCGGUGCCUCUUCAGUUAAAAAUAACUGAAGAGGCACCGAAGGGGGGG,
UGGGGGUCGGGAUACGGUCAGUGGUGGUGAGUGGUAACGG,
CGCGGAUCCUGCAGCUCGAGUGGGUAAACAACAACAUGUUGACAUCGCGGCUCUAGAAGCUUGUCGAC,
UCUACCGCCUGCCCUAGCCGAA,
UGCGAUAAGGUGGUAGCGACAGUGAUAGAAGC,
GAUACACGGGCGGAGGAGGUGGGGGGGGGUAGGUGGGUAU,
UAUAUAUGUGUGUCUAUCGUCACUUGUAUGUCAAAUAUU,
AUUUCUCUGAGAUGUUCGCAAGCGGGCCAGUCCCCUGAGCCGAUAUUUCAUACCACAAGAAAUGUGGCGCUCCGCGGUUGGUGAGCAUGCUCGGUCCGUCCGAGAAGCCUUAAAACUGCGACGACACAUUCACCUUGAACCAAGGGUUCAAGGGUUACAGCCUGCGGCGGCAUCUCGGAGAUUCC,
CAUUGGCCAAUUCCUUGAAUCUCGACUGCUCGGUAGAAUAGACCUUACCA,
GGGAGGACGAUGCGGAUCAGCCAUGUUUACGUCACUCCUUGUCAAUCCUCAUCGGCAGACGACUCGCCCGA,
ACAGAUACGGAACUACAGAGGUCAAUUACGGUGGCCACGC,
AAGACGGCCCGGUAUGUAGCCGGAGAUCCGAGACUUGCU,
GAAGCUUACAAGAAGGACAGCACGAAUAAAACCUGCGUAAAUCCGCCCCAUUUGUGUAAGGGUAGUGGGUCGAAUUCCGCUCA,
GGAAUGAGUGCCCUGCAAGCGAGGGCUAGC,
CUCCUCUGACUGUAACCACGCAGCCACCAGGAAGAUGAAUGCUCGAGCAACUCGACGGUCGGCAUAGGUAGUCCAGAAGCC,
UCCCUACGGCGCUAACUUCUGCAAGAGGCCGUCAACGGGCGAGUUAGCCACCGUGCUACAAC,
CCUAGUGUGCGUCGAUGGGGUGGGGUGGGGCUGAGUUGGGGGGUGGGAUCAAUCAAUCUGGUUU,
CAAUCCAUUCAUCUCUCGAAUGAGGAAGUAGCCCAAGAGGAGGAGGAGGAUGAGC,
AGUUUCAUCGUCCGAGCAAGAUCCUAAUGGCGUCCGGCGCGUUUAUGACU,
UUGUUACACACCCGCUUGAAAAAGCAAGUCUGACAA,
UCCCACGCAUUCUCCACAUCAUUUGAAUAGUGUGGUCACUUCCAGUCCCGCAGGGCACACCCUUUCUGUCCUUCCGUCAC,
UGAUGGUAUUGGAGCCACCUAAAGGGACGUUUUCGG,
GGGAGAGCGAAGCGUGCUGGGCUGCUAUUUUGGCGUAAGCUGGUUUUUGGUGGUUGCGUUUUGAUCAUAACCCAGAGGUCGAUGGAUCC,
GGGAGAAGGGAAGUAACAGGCUAGAAGUUUAGACCAAGGGGCGGGAUGAGUGAGAAGAGGUGACGGUACCAG,
GAAGUAGCAUGAACAUAUACCCGUUGACUCAAUUUUAUUUUAGUCCAACA,
AGUAAUACGACUCACUAUAGGGAGAAUUCCGACCAGAAGGGUUAGCGGUCGUCUUAAGUAGUUUUUGGUCCUUUCCUCUCUCCUUCCUCUUCU,
UGAGCCGGUCGGCAGUAAUGUGACACUGCGG,
UUUUUGCUGAUCUCGGGUUUGGACUCCUGUUUAUUUAUAA,
CAAGAAGUGGAAAUGCGCAGCGACCAUGAAACCUCGCAUGGUUCAUCGAUUGUUUGGAUAGUGUCUGUGUG,
CAGCGGGCAUUUCUAGGGCCAUCUUUAAUCUUCUUUAUGGAGAGCCUCGUUCACACGUUG,
GGUAGAUACGAUGGAGGUGUAUUUUAUGUGCGUAUUUGGAGGCAUGACGCGCAGCCA,
AAUAGGGGGGGUUCGGUGCAAAGCACCGAACCCCCCC,
UUUCUGUGAUCUUUGCUCGGAAUGGCUGUGGGUAUGGGUGGGUUGGGCUAG,
CUCCUCUAGUGAAGGCAGAGAAAGGUCGAUACGGACGGAAUGUGAUGGCC,
CCUGCGUAACAACGCGGAGGAAACUUCCCUCCUAUCUCU,
AAGACCACACACACAGAAACAGGGAACAGCGUUCAA,
UCCCACGCAUUCUCCACAUCUAGUCUGGUUACGGUCUCGAUUGUCCCAAAAGGGCAGACACCUUUCUGUCCUUCCGUCAC,
ACUUCAGCUCUAUUAACAGCUCAAGGACUGGCACA,
GGGCUAGCUGAUCGUACCAGUAGCGUGGCCUGGGGGGCCUAGUCGUGCGAUACUAACAGCUAACACCC,
UCCCUACGGCGCUAACGGAUCAAACAUGCGCUCCAAGGAGUAGGGGCCACCGUGCUACAAC,
AAGACGGCCGGGGAAACCCGAGGUCCGAUGUAACGC,
AGGCAGAGAAGAGUGGGUGCGACCACAGGAUGUUAUGG,
GACAUCUGUAAGUAAGAUUCUAUCUGCAAAGCGGUUAGGGGGGCUCGGACUCUGAUUGCCUCCCCGCACC,
CCGUAGGUUCGGGGCGGAGUGGUCCGGAAGGUGGCGUGG,
GGGACACAAUGGACGUCCGUAGAAACGCGUUAAGGUGAAAGUUUGAGGGCUCCUCAUAACGGCCGACAUGAGAG,
CGAAUACCUGGAGGAACACGGGAAAAGAUCACUGAAGCCA,
AGAAGAAUGCAGGAAACAGCGAAAUGCGUGUGGC,
GGAUGGGUGGGUGGGGAGGUUGUAGACUGUAU,
UCUACCAGAGCGAGUGUGCUGAACGUUCUAAGGACGGGAUUGAAUCGAGAUGCGUAUACUAGGACCUUAGG,
UAAUACGACUCACUAUAGGGAGGACGAUGCGGAAUUGAGGGACCACGCGCUGCUUGUUGUGAUAAGCAGUUUGUCGUGAUGGUCGGGCGAGUCGUCUG,
AUCCCUGAACCGGCCCAGCAGACUACUGACGGCACGAU,
CCUCUUGCACCGCCGAGAAUAUAAUUCAAGAGGUCCACAACUAAUUAG,
AAUAACUC,
AGCCGCGAGGGGAGGGAUAGGGUAGGGCGCGGCU,
CGGAAUUCCGAGCGUGGGCGUGGUCAUACCGCGCCUAUCGAACUCGCCACUCGCGUGCAGCUCUGUGUAGGUACGCCCACGCUCGAG,
NGACUGAUUUUUCCUUGNCAGUGUAAUUUCCUGGCUGCCC,
AAGACCACACAUAAGAAACAGGGAACAGCGUUCAA,
ACGAAGCUUGAUCCCGUUUGCCGGUCGAUCGCUUCGA,
ACACUCUUUUGCUCGUGUUUUUGCCUGUUACAUAAAAUGAAUCAGUGGAUGUUUCCUUCU,
UGCAGUGCCGAAAUAAAGUGUAAAAGCAGUAUAAGAAGAC,
GUUCCAGGCGCGUUAGCAAAACCGCGGAUC,
CUCCUCUGACUGUAACCACGCAGCACCAGGAAGAUGAAUGCUCGAGCAACUCGACGGUCGGCAUAGGUAGUCCAGAAGCC,
AAGCUCUUAGUUGAUGCGCGGUCAAAAUUUAAGCU,
AGAAAAAAACAAUCCACAGAACAGCGCGUG,
CCCCCCUCCAAAGACCCGCCAUAUCGCCCC,
CUCCUCUGACUGUAACCACGCCCAUAUCGGUGAAUGCACGAGCAACCGAUUGACACGGGGCAUAGGUAGUCCAGAAGCC,
GGGAGGACGAUGCGGCAUGCGUCUGACCUACGUGCCAAGCAUUUGUGUAACCCGUCAGACGACUCGCCCGA,
CAUCUCGGUCGUGAACUUUACAUGCAUGAGUAUUUUGGUG,
AUAACACGACAUCCAUAUGUCAGUGGUCUGUGUACUUACACGGUAUUCGA,
GGGCUAGCUGAUCGUACCCAUAGCGUGGGCAUGGGGUGCCUAGUCGGGCGAUACUAACAGCUAACACCC,
CGCCAGUGUGAAAGAUCCGAAGUUUAUGCCGGCACGCGCUGGCG,
ACCCCUCUUACCCGAAGCGUUAAGCGGUGGAGGCUGUCA,
CGAAAGUCUCACUUCCUAAUCCCCUUCUUC,
UAUAUAUAUAUAUAU,
UUGCACAAGAUACGGCUACCUGUAUGCGGCAAUCGGCAUUAAAUCUAUCUAAGCCAGCAGUAAC,
GGACCGAGAAGUUACCCUGUAAUCUUAGGAUGAAUCGCAUGCUCUAGCGACCUUUUCGGCUUCGGCGUACGCACAUCGCAGCAAC,
CCCCACCGACCGAUGAUCUUGAGCGUACAUCGCGGG,
CACGGUACCACCAAGUCACACGUUGAACUCCAUGCAGCUG,
CCUUCAUCAUUAACCCGUCCACGCGC,
GGGACACAAUGGACGUCCGUAGUUCUGGCUGACUGGUUACCCGGUCGUACAGCUCUAACGGCCGACAUGAGAG,
ACCUAGCGCGCUUGACGUGGCCCCUUCGCAGGUCCUGGAU,
GUAUUCUCGGUGGUUUAAUCAGAGUAGAGGAGGCUGACUCCUUUGGUUGGUCUACGUGGAGGUUCUUUUG,
GAGCGGUUAAGGGAGAUUUAGGCAGCAGCUUGGACAGUGUAUCGGCUGAG,
AGGUUUAGUGAAUAUCUUCGAUGAUCCGAGGCAGGCUAGAUUCCGAAACAUCGUUGAGCG,
GGGAGACAAGAAUAAACGCUCAACAGAGAAGAAGCACCGAUGCAACGCGAAAAGCACACGGCCUUCGACAGGAGGCUCACAACAGGC,
CGUAUAGGUCCCCUGCCGCUAAACAGCGCCGCGGUA,
GGUAGAUACGAUGGAUCAGGGUACCCCCUGUGGCCCGUCAACACAGGGGAAGUGGCAUGACGCGCAGCCA,
UCAAGAAUUCCGUUUUCAGUCGGGAAAAACUGAACAA,
ACAGCGCCGGUGGGCGGGCAUUGGGUGGAUGCGCUGU,
GGGACGCUGAGGCUUCUAUGGUUCCC,
GGGAGGACGAUGCGGACUGAACCUAAUUUGAAAUUGGCUGGCGCGCAUAUUCCGUCAGACGACUCGCCCGA,
GCGAGCAUCAGCCGC,
AGAGUCGCUGAUGGUAGACGCCGGCGGAUC,
AGGGAAUCUUGCCUAGGGAGGGAGUAGCGAAAGGGCUCA,
AAGGACAGCACGAAUAAAACCUGCGUAAAUCCGCCCCAUUUGUGUAAGGGUAGUGGG,
GCCCGAUCUACUGCAUUACCGAAACGAUUUCCCCACUGU,
GCAGCAGGGAGAGUUGUGUGAGGGAAGUGGUCGGUAGGUG,
UCCCACGCAUUCUCCACAUCGAUACUGAGCAUCGUACAUGAUCCCGCAACGGGCAGUAUUCCUUUCUGUCCUUCCGUCAC,
AUCCACUACGAACUCCGCAUUCCCAGACACACUGGACCU,
ACUCACCAGUCACCAUCAGCUCAUGCGCCCCUCCCCCGAC,
GGCGGCCGUGAAAUUUGCCAAAUGCCGUCUUGGCUUUCGCCCAAUGUAUCCUGGGUGUUC,
GCCCUCCAACCACACCCCGCCAACAACCCC,
AUCUCCCACACUUCAUCGGUUCACCCUACUCCCUUGCAU,
UCCCCCGCGCACAUUCCCGCCAACCUGCAA,
CAGGAUGAACAAGCAGGACGUGAAAUGAAC,
GGGACACAAUGGACGCACCUCCGACGCACAGUCGCAGGCUCGAAAGAGACUAAAUGCUAACGGCCGACAUGAGAG,
AGCUUAGUGCAUAUCACUCCUCGUUAUAGCAUGGUUAUAG,
GGGAAUAAUAAUAAUAAAG,
GCCAGCAUCCCGACUGGGCUCCUCGAUAACGAGUGCCCG,
AGCGCGGGAUGUUAUGGCACGAUGUGUAGAGAAUAGCGCUGAUCGGGCAA,
AUCAGUCCCCACUGCCCCCGCUUGCAGACA,
AUACCAGUCUAUUCAAUUGCACUCUGUGGGGGUGGACGGGCCGGGUAGAUAGUAUGUGCAAUC,
GGUUGGUCUGGUUGG,
GAUCCUUUGUGGGCUCUUGUUGACCCCCUCGUUGUCCCCCC,
UAAUACGACUCACUAUAGGGAAGAGGUCAGAUGGUCUAGCCGGAGGAGUCAGUAAUCGGUAGACCUAUGCGUGCUAGAGUGA,
AAUACGUGCUCCCUCCGCCAAAGGCGGAGGGAGCACG,
CAUGCGCCUUCCCCCUGUGGUUGGUGUCAGCCGGCCUGUG,
CCUUCGUUGUCUGCCUUCGUCGAUCGGCAUUACGCCAUUGGUUGGUGUGGUUGCGAUUAUGCGCUAAUUCACCCUUCAGAAUUCGCACCA,
CUUCUGCCCGCCUCCUUCCGGAAUGAUGCGUAAAGGACCGAGGGUGCUUGCCAUAAUCGGAGACGAGAUAGGCGGACACU,
UUGGGGUGGGAGGGCGGGUUAACAAAGAUAGCGCAACAGG,
GGGGCCACCAACGACAUUGAACCACGUAGGCUCGUUUCUGAGCCGAUCUCGAUGUUGAUAUAAAUAGUGCCCAUGGAUC,
ACGUGCUCUCAUCUUUUAAUUCGUGGGCUCUGCGGCUAGCCUCUUAGCUC,
AGGCAGAGAAAGGUCGAUACGGACGGAAUGUGAUGGCC,
AAUUUCUACUGCAAUUUCUACUGC,
CAGACCGUAAGGGAUGCCGCCUAAACACC,
CAGUCGUCAUGGUUAUAGCUGCCACAACCUCGGUCCUGUCUUCAACGGCC,
GAAGCUUACAAGAAGGACAGCACGAAUAAAACCUGCGUAAAUCCGCCCCAUUUGUGUAAGGGUAGUAAAUCGAAUUCCGCUCA,
GGAGCGCAAUUCGCCUCGCAAGUUGAACUCCGCUGGCGG,
UAUCAACUAACGUACUGCCGCAUUCCCACAAUCCACAGGCUCC,
AUUGACCGCUGUGUGACGCAACACUCAAU,
GGCUGUUGUGAGCCUCCUCCCAGAGGGAAGACUUUAGGUUCGGUUCACGUCCCGCUUAUUCUUACUCCC,
GUAUUCUCGGUGGUUUAAUCAGAGUAGAGGAGGCUGACUCCUUUGGUUGGUCUACGUGGAGGUUCCUUUG,
GCAAUGGUACGGUACUUCCUGUGGCGAGGUAGGUGGGGUGUGUGUGUAUCCAAAAGUGCACGCUACUUUGCUAA,
GUAUUCUCGGUGGUUUAAUCAGAGUAGAGGAGGCUGACUCCUUUGGUUGGACUACGUGGAGGUUCUCUU,
AUCGCCCUGAACCGGCCCAGCAGACUGCUGACGGCACGAU,
UCUCAUGCGCCGAGUGUGAGUUUACCUUCGU,
CAGGCGUUAGGGAAGGGCGUCGAAAGCAGGGUGGG,
CCUGUGUCUUGUGUGUGUGUUUUGUUUCUGGUCUA,
UUGGGGAGGGGCACUGGGCAGUGUAAUUUACGAAAGCGAG,
GAAUCAUACACAAGUUGUGGAG,
GGGAGAGCGGAAGCGUGCUGGGCCUGUCGUUCGCUGUCUUGCUACGUUACGUUACACGGUUGGCAUAACCCAGAGGUCGAUGGAUCCCCCC,
GGUUGGUUUAUUUUAUUACUAGUGGCCAGG,
GACAGCACGAAUAAAACCUGCGUAAAUCCGCCCCAUUUGUGUAAGGGUAGUGGG,
AAUCCCAAUGGAUUGAACUGCCAACGAACG,
GAAUAUCUUCCGAAGCCGAACGGGAAAACCGGCAUCU,
CAGAUACAGGCCAUGUGC,
CAAGAACUCCUAAGUAUAAUGUGAGGGAUCCGAAAUUCUGCUCUUAUGUAUGGCAAGAUU,
GCCAGGGUUCAUCAUUCACGGCCGAUUUCGAAGCUCCUAACUCGAGACAC,
GGGAGGGAAUCAGUGAAUGCUUAUACAUCCCUCCUUGAGCAGUCGAUUAGUUUCGACAGGAGGCUCAC,
GUAAAUCGUCGACAGGAAUUGGCGGGCCGG,
CAGCUCAGAAGCUUGAUCCUGUGCGGGGCAAAGAGGUCCGAAUUUGAAGGCUCCCCUGGACUCGAAGUCGUGCAUCUGCA,
GGACCUUUGUACCCCAGAUGAUGGCUUCACUGCUUGAUGGGUACAAAUGGCAG,
AGCACUUCAGAUAUGAUAACAGGUUCAAGGAUGUGCACA,
GCCUACGGCCACACCACCCUGAAAGUGCCUGAUCUCGUCUGAUCUCAGAAGCGAUACAGGGUCGGGCCUGGUUAGUACCUGGAUGGGAGACCGCCUGGGAAUACCAGGUGUCGUAGGCUUU,
UGGGGUAUCGCCAAGCGGUAAGGCACCGGAUUCUGAUUCCGGAGGUCGAGGUUCGAAUCCUCGUACCCCAGCCA,
GGGGGAGGACGCGUAGUGGGGGGCCCAUGGUUGUGUGG,
AGCAGCACAGAGGUCAGAUGGUUACUGCGGGGUAUGGGGACUGGUUGCGUGGCUUGGUGUCCUAUGCGUGCUACCGUGAA,
AAGACGGCCCGGUGUGCAGCCGGAGAUCCGAGACUUGCU,
ACCGAAAAAGACCUGACUUCUAUACUAAGUCUACGUUCC,
GGAGACCGUACCAUCUGUUCGUGGAAGCGCUUUGCUCGUCCAUUAGCCUUGUGCUCGUGC,
AAUAACUU,
UACCGAAAACGCAUGCCUCUAGCCGUUCGAUACGAGCUGAGCAGCGGGCCAGUACUACAAGCUUCUGGACUCGGU,
GACAGCGUGCCUAGAAGUCCAAGCUUAAAUAACCACGCUCGACAAGC,
AAGCCGGAUGCACGAAUAUUGAGGUAAGCG,
CGAUACAGCACUGAUUGCGGUCGAGGUAGCUUGAUGGGCC,
UAGGGAGAGAACUGUGUCAGAAUGUAGUGAACCAGACACGGAGUGGAGUA,
CCACCGAUCGCAUCAGCUCAUGGCCCCUCCCGACCCGCCA,
CGUCUUGCAUAAUAUAAAAUUUUGUUUUGAGUUGUAAUCGAAUGCGGUCU,
UAUGUUGUGUGUGUGUUGUUUUUGUGUUUUGUUUU,
CCUGCCCUUUCCAACACCCGCCGAAACUCA,
GACCGGUGUGUCCUGAUCCAACUGCCACAAGUACCAUAUGCAGGUGACGU,
CCCAGGAUCACCGGG,
ACACGGGCCGUGAACGCAGCGAGUUCGCCCGUCGUGACAUU,
GGUUGGUAUGGUUGG,
UCGGAUGCGCCGAGUCUCCGUUUACCUUCGU,
UUACCGUGAUGUAUGAUAUGCAUCCACCGUG,
ACAAGAAGGACAGCACGAAUAAAACCUGCGUAAAUCCGCCCCAUUUGUGUAAGGGUAGUGGG,
AUGACGUACCCGCACAAGCCACCACAAGUCUUAAUCGCGCCACCCUUGC,
GAUGUGGGUGUAGUUGGAGGGUAAACGUU,
GGCGAUAGUUUCUAUAGCAAGGUACAGCAUUCUCUCUCCCUAUAGAACCAAUCCAGUACUAGC,
UAGGGAAUUCGUCGACGGAUCCCGCAUGGGAGCCGGCAUCUCCUGGGACCAUGAACUCGUUCGCUUAUAUGCCGGCGCAUGCGUCGACCUGGAG,
CGUCCCGUAGGCCAAUUGCGUCCCACCUUAACGUCCGCC,
AGCGCGCACCUACUGUGAUGAAGAAGUCACAGCAAGGCCC,
UUGCGCGUUAAUUGGGGGGGUGGGUGGGUU,
AGCAGCACAGAGGUCAGAUGGCCUAUAUUUAUAAAGACAGGAGAGUAAUGUCGAGCAGAACCUAUGCGUGCUACCGUGAA,
GGGAGAAUUCCGACCAGAAGUUCGAUACGCCGUGGGGUGACGUUGGCUACCCUUUCCUCUCUCCUCCUUCUUCU,
UUUUUUUAAUUUUUGUUUAUUAAUCUUUAUGCUUUUUUCAUUUAUCUAUAAUUUUUAUU,
ACCUUCUGUUCAUAUCGUGACCAACCCAAUAGAUUGUGAUAAAGGAGGAGGAGGA,
GAGGACGAUGCGGACUAGCCUCAUCAGCUCAUGUGCCCCUC,
CUUUCCUAGCGCACAUGCGACCUCUAUGCGUAAUACGAACGUUGACGGU,
GGUCCGUAGUUCUGGCUGACUGGUUACCCGGUCGUACAGCUCG,
AGUCAUUUAUAAGAUCCGACAACCUGUCUAUUAGUUGCGCCGAUUAAGUGACU,
GCAAUGGUACGGUACUUCCUUUGGAAGAUAGCUGGAGAACUAACCAAAAGUGCACGCUACUUUGCUAA,
GGCAGCGAAAGCGGAACAAGUAUGUAACCAUGCCUCGGCAACUUUACAUGCGUAGCCAAACCCA,
CGGACGAAAUUCGUCCCUGUGUG,
UACCAAGAUCCCACAACUAGCCGACCACAAUUGCCGGCCA,
AACUAGCAGGCAGAGAAGAGUGGGUGCGACCACAGGAUGUUAUGGCCUG,
CACCGCAUUGAGCCCAGAGACGCCACAGAC,
GGGCGAAUUCAACUGCCAUCUAGGCAGUAACCAGGAGUUAGUAGGACAAGUUUCGUCC,
CUUCUGCCCGCCUCCUUCCGACGGUGAUUGUUAUCUCAGAGCCAGUUUGAACAACCCGGGAGACGAGAUAGGCGGACACU,
UCCGAUAAGUAUGUGACAACCUACAAAGCACUCCACGCCU,
GCAAUGGUACGGUACUUCCAAGUGCGGGGGGGAGGUGGUGGUUCCAAAAGUGCACGCUACUUUGCUAA,
CUCCUCUGACUGUAACCACGGACUGCUGAUGAGUCACUUUAACGUGGAGCAAAGAUUAAAGCAUAGGUAGUCCAGAAGCC,
UCAAUCGGCGCUUUACUCUUGCGCUCACCGUGCCC,
CUUCUGCCCGCCUCCUUCCCUAGUGCAGGGGUUCACUCAGGACCUUACGAGCUUUUUCGGAGACGAGAUAGGCGGACACU,
GCGACUCCUGUACUCGAAGACAGACAGUUCCAGCCUCCAG,
CUUCUGCCCGCCUCCUUCCUUUUUGCUGAUCUCGGGUUUGGACUCCUGUUUAUUUAUAAGGAGACGAGAUAGGCGGACACU,
AUACCAGCUUAUUCAAUUACAGUAGUGAGGGGUCCGUCGUGGGGUAGUUGGGUCGUGGAGAUAGUAAGUGCAAUCU,
GGUAGAUACGAUGGACUACCGCCACCCCGGGUCCGGGUGACGUUAAUUGAGGGCCCAUGACGCGCAGCCA,
ACUCCAUUCGUCUCGCGAGCGCAGUGACUCUGGACAUUAU,
GGGCCAGGCAGCGAGAGAUAAGCAGAAGAAGUAUGUGACCAUGCUCCAGAGAGCAACUUCACAUGCGUAGCCAAACCGACCACACGCGUCCGAGA,
GGGACACAAUGGACGAAGUCAGUCGCAUUGGCCGAGCUGUCGCUCUGACCAACUGAUAACGGCCGACAUGAGAG,
CGUAUUCAUCAGGUAGCGUAGAUCCGUGUGGCGGGCUGUUCCAUUUUA,
ACCCACCUACACCCCUCACCACACUACCAC,
UUCCGGCUAUGGUUAAACAAAAGACUAGGGAGGUUAUUCA,
CACGGUAGUGCUACCAGAUGGUUAUGUUACUUCAAUUCUG,
UACGACCAAUACGCCCAAUACUGCUCCGACUGCUGCAUUAUCCAC,
CUUCUGCCCGCCUCCUUCCCGCACUUGCAAACCUUCAUGGUCUCGUGCUUGAGUGGUUGGAGACGAGAUAGGCGGACACU,
CGGUCGCUCCGUGUGGCUUGGGUUGGGUGUGGCAGUGAC,
GGGAGAGGAGGGAGAUAGAUAUCAAAGCAUAGAUAGGAAUGGCGGCAAGUCACGAACGGUACUGGAACGCACAAGGAGUUUCGUGGAUGCCACAGGAC,
AUCGGUCUGAACCGGCCCAGCAGACUGCGACGGCACGAU,
CUUCUGCCCGCCUCCUUCCCGGGUCAUAUGGGAACGCUACAGUGUUUCACGCUGAGUUGGAGACGAGAUAGGCGGACACU,
CCCCGGAACCUUUCCCUAGCCGAAACAGCCC,
GAAGCUUUCACACAACAAGGCCCGGGACUGUAUUAGGGAAAUUAGAGUACAGACAGUCGCCGUGGGUCGAAUUCCGCUCA,
GGGCGAAUUCGAGCCUCAAGACGUCGGGGAUUGGCAAACCCCGUUUCCUUGAGCGACCCCCUGUUACUCGGCGGAUCCUCU,
CUUCUGCCCGCCUCCUUCCGAUUGAAAGGUCUGUUUUUGGGGUUGGUUUGGGUCAAUAGGAGACGAGAUAGGCGGACACU,
GGGUAACCUUGAGUCACGAAUUCAAGCGGGACAGGAGAAACACGGCAUGUCAGCGAAGGUACCCAACUUACAGCUUCU,
AAAGAGGAUUUGUGUUUUUCAGGAC,
AUCAACUCACCGUAGGUCUAGUGAGAACUUCAAGUCUACU,
CUUCUGCCCGCCUCCUUCCUGGUAAAGUCAUUAAUAGGUGUGGGGUGCCGGGCAUUUCGGAGACGAGAUAGGCGGACACU,
GGGUUCGCUAAGUUGGUCUACCCCUCUCGAAUAUCCGUUA,
UCCCUACGGCGCUAACGACGGGGGAGUUGUGCUCCCGAAAGGAGGUGCCACCGUGCUACAAC,
UAAUACGACUCACUAUAGGGAGACCCAAGCCGAUUUAUUUUGUGCAGCUUUUGUUCCCUUUAGUGAGGGUUAAUU,
GAUGUUUCGAAUGUUGCGGGUGAGACACAGCAUGACAAACUACCGUGUCA,
AGCAGCACAGAGGUCAGAUGGGUAGGUAGCCGUGCCGGUUGUGCCAUUGAUUGUACAGUUCCUAUGCGUGCUACCGUGAA,
UCCCCGGAACCUUUCCCUAGCCGAAACAGCCC,
CUUCUGCCCGCCUCCUUCCGUGGGGAUGCCAUUGGUCCACAGGGUUAUGGGAGCAUCAGGAGACGAGAUAGGCGGACACU,
GGGAGCUCAGAAUAAACGCUCAAAAUGCGGGGUGGGUGGGGUGGUUGAAGAAUAUUCGACAUGAGGCCCGGAUC,
CUUGCCGUAGACCCAUUUUCCAAUCACAAGUCACGCGUCUCAAGCUGUUA,
CUCCUCUGACUGUAACCACGCCCAUAGCGGUGAAUGCAUGAGCAACCCGAUUGACACGGGGCAUAGGUAGUCCAGAAGCC,
CUUCUGCCCGCCUCCUUCCGUCUUAUGUCGUUAGUCGCAGGGUGAUGAGUGAGGCAAGGGAGACGAGAUAGGCGGACACU,
CACUCGUACAUGUCCGUAGUUUUCCCACACUCCC,
GGAAAAGAUGGUAUGGGCCCUAGAAAGUCCACCCGGCGCC,
CGGUCGAAAUUCGACCCUGUGUG,
GACUAAACGCAUUGUGCCCC,
GGGAGAGCGGAAGCGUGCUGGGCCGGAGUUGAGGCGUAGAUGGUUCAGAUCCGAACGAUGAAGCAUAACCCAGAGGUCGAUGGAUCC,
GGGGUUCCACCUUCACUGGGCGCGCCCAGUGAAGGUGGAACCCC,
GACGAGGCUAAAACAAUUGUGUUCCAGGAUUGCGGUACAGGCACCGCUGGGAGUACUACAAGCUUCUGGACUCGGU,
UGGGGUAUCGCCAAAAGAAAGGCACCGGAUUCUGAUUCCGGAGGUCGAGAUUGUCGUCCUCGUACCCCAGCCA,
CACCAGACCGACAUCAGCUUAUGGCCCCUCACCCACACCG,
UCGUGCCUUUUCUCGAUGGAGUGAGAAGAGGUGACGG,
CUUCUGCCCGCCUCCUUCCUCGGGGUUAGAACGUCGUGUAGGACUCCUAUCGGUUUAUGGAGACGAGAUAGGCGGACACU,
GGAGUCUUAGGCAGCGCGUUUUCGAGCUACUCCA,
CUCCUCUGACUGUAACCACGAGAAAUUGGUACUGUAUGAAACGGCAGCUGCACGUCGCGGCAUAGGUAGUCCAGAAGCC,
CAUGUCUACAACAAUCUCGCCCGUUGAGUCUCGUCGAAUU,
AGCGCGCACCUACUGUGAUGCAGAAGUCACAGCAAGGCCC,
AUAGCCUCCGAUCCGCUAACUCUAACCCGCCAACUCCU,
GGCUAUAGCACAUGGGUAAAACGAC,
UUAUGGGGAUGAAAGUGGUGUUCGGGUUCGCCACUUCCAC,
CCACCAGCCCAGAGAUAGCCCAGACACCACCAAGAC,
CAGCUCAGAAGCUUGAUCCUGUGAAGGGCUGAUGAGGGGCGUAGCGGCUUGUUCGUAAGACUCGAAGUCGUGCAUCUGCA,
CUCCUCUGACUGUAACCACGCAGGCCAAUAACUAGCAGGUUACUGUUCAUCAUUUCGCACGCAUAGGUAGUCCAGAAGCC,
CCAAGGGCUAAGUCCGCAAAUAUCCUUCCUAAAGGACUCGUUACGUCGG,
ACUACACGAGGACCUACGACUACUACAUUAUGCCAACCGGUCUUGCUUCGACACAGAUACCUC,
GAGCAUUAACAAAAAGAUCACUAGGAACAGCGGUA,
GUACAACACAUCAUUACGGCUGCUAUUGGCUCCAAGCGUCUUUCUCCCUGGUCAAUAGUCCGCCACCACG,
CUUCUGCCCGCCUCCUUCCAACGGGUACUGCCUAUCAGACAUGGAAACGGUGCCGUUGGGAGACGAGAUAGGCGGACACU,
GUAAACCGAAGUACUAGACUUGACCUAACA,
UCAUGGUGUCUUUCCACAGCUCUUCCCAUGAUCGCCCGG,
UUGGGACGGUGUUAAACGAAAGGGGACGAC,
UGUGGGGGUGGACGGGCCGGGUAGA,
GGGAGCUCAGAAUAAACGCUCAAGGAUGGGUGGGUGGGGAGGUUGUAGACUGUAUUUCGACAUGAGGCCCGGAUC,
AAAAAGGAGGAGGAGGA,
GCAUGCAGUGUCUAUUCUCGAGUAGCGAUCGUUGAAGGGGUAUAAGGUUGGCAGAUCGCUAGCAUGCAACUGACUCGGAUAAGCA,
GGGAGAGAGGAAGAGGGAUGGGCGACCGAACGUGCCCUUCAAAGCCGUUCACUAACCAGUGGCAUAACCCAGAGGUCGAUAGUACUGGUCCCCCC,
CAACCGAAGGACCUAUUCAGACCGC,
UGUAGUUUCCCUGUAUGC,
CCAGACGUGAGCACUAGAUCAGUACGGAAG,
AAGACGGCCCGGUGUGUAGCCGGAGAUCCGAGACUUGCU,
UCCGGCGCGCUGAGUGCCGGUUUAUCCUCGU,
CUCCUCUGACUGUAACCACGCCCAUAUCGGUGAAUGCACGAGCAACCCGAUUGACACGGGGCAUAGGUAGUCCAGAAGCC,
GAGACGGCCAGCCAAGGCGCUGAGAUCCGAGGUUUCAG,
UAUGAUGGUAGACGCCGUACCGCAUCAGGCCAAGUCGUCACAGAUCGUG,
GGGAGAAGGGAAGUAACAGGAGCAUUAGCUACCAAGGGGUCGGGUUGUGGGUGAGAAGAGGUGACGGUACCAG,
GAAUCAAUACACAGUCCUGGGUGCUAACCAUGAACACCCAAGGCCUUAGUGGUAUGUGGUUCUUG,
UGGCUAGUGGGUAAGGGGCGGGAGGGUGACAGGGCGAUCC,
GGGAGAAUUCAACUGCCAUCUAUAGAAGAUGAUGCCUGGAUACAAUACAGCCACUCCUCGACUGUAAACCGAGUCCAGAAGCUUGUAGU,
AAAACUGAAGCCUCCGCGCUCACCGCGGCGGGCC,
ACUCGAACAUUUCCACUAACCAACCAUACUAAAGCACCGC,
UACGUGAGCGUGCUGUCCCCUAAAGGUGAUACGUC,
CAGGUCAGUUCAGCGGAUCCUGUCGAAAAACACACACCCCGAGGCGAAUUCAGUGCAACUGCAGC,
AAAGAGCUAAUGUAGGAUGCUGGGGUAGUCCAGCCCUAGAAUAAGCGCUAGUACUACAAGCUUCUGGAGCUCGGU,
GAUUGAAAGGUCUGUUUUUGGGGUUGGUUUGGGUCAAUA,
AAUUUCUAAUAUAAUUUCUAAUAU,
AGUCCGUGGUAGGGCAGGUUGGGGUGACU,
UCGCCAACAGGCGG,
AUCGCAUCUGAACCGGCCCAGCAGACUGCUGACGGCACGAU,
GACUGCGUAUCAACGCGGUGAAACCUAACCUCAUCUUGAU,
ACACCCUCAACAAGUCCCGCCAACAACGC,
CACUCAGCGCCCUGCGAAACGUUGCCGCCUCCCAACGUCU,
GGGAGAGGAGGGAGAUAGAUAUCAAGAUAAAAACGCCGGCGUAGCGCUGCAGCGCAAAAAAACACGACUGCUCGCACGAGGUGACUCAGGCAGAGAAGGCGAGUUUCGUGGAUGCCACAGGAC,
AUACCAGUCUAUUCAAUUGGGCGGGGACUGUCGGGAUGUGUGUGGGCCAGAUAGUAUGUGCAAUCA,
CUAAGGAUCGGAUCCACGGCCUACCAGGUC,
CAGCUCAGAAGCUUGAUCCUGUGCGGGCGGCAAGGCCCUGACAGAGAUACUGGCUCGGGACUCGAAGUCGUGCAUCUGCA,
UAUUAGUAAUCAUAUUAGUAAUCA,
CGCGGAUCCUGCAGCUCGAGAGCGGUGGGUGUUUACGUGUUUUUGUUUACCUCUAGAAGCUUGUCGAC,
UGGUCUCCCAAUUCUAAACUUUCUCCAUCGUAUCUGGG,
AGCAGCACAGAGGUCAGAUGGUUCGUUGUAGCGCAUAAAGUUUAUCUCUCCCAUGAUUCACCUAUGCGUGCUACCGUGAA,
GGGAGCUCAGCCUUCACUGCACUCCGGCUGGUGGACGCGGUACGAGCAAUUUGUACCGGAUGGAUGUUCGGGCAGCGGUGUGGCAGGGAUGAGCGGCACCACGGUCGGAUCCAC,
CAUUACAGCGAAGUUACCAGCCAUACACGGUACAAAUGCGCCCGACUAGU,
UAAAUCGUUGCUACAUUCCCAAUUGAACGGCCCGGGUUCUUAACACGUGC,
UUAGCACAAACAACCCCAGAAGUGCAACGC,
UUAUUAUUGUUUAUUUUGUGUUGUGUGUUUGUGUU,
CCUUCGUUGUCUGCCUUCGUUAAUCGGCUCGAUUGAUUCGAGGUGACGGUCGUUGGACGUGACGUUACGCACCCUUCAGAAUUCGCACCA,
AUAUUCGCGAUUAUU,
GGGAGCUCAGAAUAAACGCUCAACAUGGAUGGGAGGGUGGGGCUGGGUUGUAGAAUAUUCGACAUGAGGCCCGGAUC,
GGCAGCGAGAGCAAAACAAGUAUGAGACCCAGCUACGGCGACUUCUCAUGCGUAGCCAAACCCA,
GGGAGGACGAUGCGGGCGAAGGCACACCGAGUUCAUAGUAUCCCACAGACGACGAGCGGGA,
AGCAUAUAGUAUAAAAUUAUCAUAUUGGUGUACGUGUACGGGGUACUUUU,
AAUACGACUCACUAUAGAGGGAGGACGAUGCGGGAUGGACGCUUAUCCGCAUAGAGGUUUACUACUUCGGAGACUGCCGAUACAGACGACGGA,
UAUGGGAGCAUAUACUAUUCUAUGAUAUUUCUAUGCAAUUCAAGAGUCUA,
UUAGCAAAGUUGAAGCCGGACUAACAAGCUCUACG,
AGCGCGCACCUACUGUGAUGUAGAAGUCACAGCAAGGCCC,
AAGACGGCCGGGGAAACCCGAGGUCCGAGGUAACGC,
GUGGUGAAGAGGUACCGGAAUUGCUAAAGAUACCACGGCC,
UCUCAUGCGUCGAGUGUGAGUUUAACUGCGU,
AGUGAGGUCAACGAUCUUGGGCCCGUUGACGGGAAGCGUAGAACUACAAGCUUCUGGACUCGGU,
UUUGGUUAUCAUGUUUAUGCGUACGGGCGCCCAU,
UCGAUCACACAGUUCAAACGUAAUAAGCCAAUGUACGAGG,
GUAGAUUGAAUUAAUUGGAAGAGUCGAUCAGUGUUUAAUG,
GUUCACUCGAAUCUUCAGAACACGCAACGG,
ACCAAAAUCAACGCAAAGAGCGCGCCUGCACGUCACCUCA,
CCCCCAUGGCACGCCGAUCACGUUUUGCUGUCCGCCGGUCCAUAAAUACU,
BAGCGCCGGUGGUGGUGGGGGUUGUUGUUACGCGGUAUUAU,
AGGGAGCAAUGAACUCAAGUCAAGCCGGGCACGUGGG,
GGGAGAAUUCAACUGCCAUCUAUAGAGAUGAAGCCAAGCUUCUUUCCCUUAUGGGCCCGUAAACCGAGUCCAGAAGCUUGUAGU,
UGACUGCCGCACCGACCAUUCACGGUAUUUGGCACGGCC,
GGGAGCUCAGAAUAAACGCUCAAGGGUUGGGUGGGGAGGUUGUAGAAUGCAGGGGUUCGACAUGAGGCCCGGAUC,
UCCCACGCAUUCUCCACAUCCGCACGAGCAUCGUACUUCCGUUAUGAUCAUGAGACACAGCCUUUCUGUCCUUCCGUCAC,
UCGUGU,
GGUUGGUUUGGUUGG,
GGGAGCUCAGAAUAAACGCUCAAGGUGGUGGGCGGGGUGUAGAAUUGGAAGGGAUUCGACAUGAGGCCCGGAUC,
ACUAGCCUCAUCAGCUCAUGUGCCCCUCCGCCUGGAUCAC,
UGCAGAUGCAAGGUAACCAUAUCCAAAGCA,
CAAUCUCCCUACCCGCUUCAAUCUUCCCCCUUCCUACCU,
AGUUUGGCGGGUAGUGGAUAUCAAGACUAUUUGAUGCCGA,
GGAUGAUGCCGCACUGACGACACGUAGGUGGCGCACAGCC,
GAAUCAAUACACAGUCCUGGGUGCUAACCAUGAACACCCAAGGCCUUAGUGGUGUGUGGUCCCUG,
GUCAAGUGCACACCCUUGCUCGUUUCUCGAUCGCCACAACCGAUUCCAAG,
AUAACACGACAUCCAUAUGUCAGUGGUCUGUGUACGUACACGGUAUUCGC,
CCCAGCGGACGCCUCAUGCCGAGUAGCC,
GCAGAACCACCCCCUUCCAUCACUCCAGCC,
GGGACACAAUGGACGACUCACUAUUUGUUUUCGCGCCCAGUUGCAAAAAGUGUCGUAACGGCCGACAUGAGAG,
AAUACCCCCCCUUCGGUGCAAAGCACCGAAGGGGGGG,
GGUUGGGUUGUCGUAGAUAUAGCUUAGCCA,
UGUAUCGUAUUUGGUGAUGUUUGGUGUUCA,
UUGUAAGCUCAACGGGUGGAGGGANCGGGCGAACGGGCUGGAGCACUACAAGCUUCUGGACUCGGU,
GGCGACCCCCGGGCUACCAGACAAUGUACGCAGCAAGAGUGACGGUCGUACCUCGGAGUC,
GUAUAUGUAUGUGUUGUUUUAUUGUGUGUGUGUGU,
GGGAAAAGAGACGGCCGGCGCCAUAGCCGAGAUCCGAGGUGUUGA,
CACUACCACGCCAUAUCAGCUAAUGGCCCCUCCCUACGCA,
CUUCUGCCCGCCUCCUUCCGUAAGUUAUUUUCCUCGCGUUGUAUGAUGGAAUUGACUCGGAGACGAGAUAGGCGGACACU,
UCACUCUAUACCUCAAACGAAGUUGCACAACCCC,
UCACCUGUACACUACCUCUACCAUGCUUGAGCCUACGCCGCCGACACCC,
AUUCGGGCCCAGGAACCAACUAUAUAAAUGUCCCGAAUGCUUCGACG,
GGACCUUUGUACCCCAGAUGAUAGUAAGGCGCGGCUUGAUGGGUACAAAUGGCAG,
GGACAANNAGCGGUGUCUUUUCAUUUNNAUCCUCCGACNUCC,
UCCUACGGCGCUAACGUACUAGCGAGGGUAUGGUGUGGGAAUGUCGCCACCGUGCUACAAC,
UCUGCUACGCUGAGUGGCUGUUUACCUUCGU,
CCCAACAUCUACGGUUAGACCGGGUUUACCUGAGCUGACA,
UCCAGGGAUUGAAGUGUCGGGGUAGGAACAUAAAGGCGGC,
ACUCCAACGAUCCCACCGCGACAAGGGUCAUCGGCACCGU,
AUCGAUGACCCGUAGUGCAGUGAAUUACGU,
GGGAGAAUUCAACUGCCAUCUAGGCGCUAGUAGCCUCAGCAGCAUAGUUUCGCCGCUAUGCAGUAAGUACUACAAGCUUCUGGACUCGGU,
GGGCCUCGAUUUAGUUCGCGGCCAUAGGGC,
UCCCUACGGCGCUAACUCCCGAUAGGAGGCCCGUGGCCGUGUUAUCGCCACCGUGCUACAAC,
UUCCAUUGGAGUGGAACUGAGUUC,
GCGACUGGUUACCCGGUCG,
UAAGCUCUUUGGCUUAGCCCGACACGUUGAACUCCAGAGU,
UGCACGGAAAUGCAGAAGGCGUGGUCCGUGGGAGGCGACAAGCAUCAAUG,
CAUAGGCUUACAACAGAGCGGGGGUUCUGAUGGUAGACGCCGGGACGCCC,
GCGCAGGCGGGGUUUGACUUCGAGGCCG,
AUGGCUGUGGUGGAGGGCCGAAGCCUGUACAAAACAGGAAUGCGCUUAUCUUGGAGUAU,
GGGAGAAUUCCGACCAGAAGGCUUGCUGUUGUUUCCCUGUUGUUUUGUCUCUCAACUUUAUUGUGGUAAAGAUCACUGGGUUGAUAAGGGCUAACUCUAAUUUGACUACAUGGUCGGACCAAUCAGUUCUUAUGGGAGAUGCAUAUGUGCGUCUACAUGGAUCCUCA,
GGGACACAAUGGACGUGCGCAUAGGAAUUGCUCUCAAAAAACUGGACAAAAUAAUUUACGGCCGAACGCUUGCUCCGCCCUCUCUCAUAACGGCCGACAUGAGAG,
GGGAGCUCAGAAUAAACGCUCAAUCGGUGGGCGGGUGGGGUGGUUGCAGAAUGAAUUCGACAUGAGGCCCGGAUC,
ACUGGCUAGCUAACCAAUGGUGGAUAUGAGUACCUUGGGC,
UAUUAGUAAUACUAUUAGUAAUAC,
GCAAUGACCAAGGUACCGACCCUAUGGCUCCGGCCUGCGU,
UAUUAGCAACAAUAUUAGCAACAA,
UUAACUCCCAACGCAUCAAUCCCGAUCCGUGACUCCGCC,
CUUGCAAAAUUUGCAACUGUGUG,
GGAAUAGAGACAAAGCCACUCAUAUGAGU,
GGAGGCGCGAUGUAGGUAUGUGAGGGCGGCGCGGUGGGCG,
GCAGUUAACCAAGCCUGCAUACUGGAUAGACGGCUUAUUUGACUGAAUGCCUCCCGAAAGGUGCAGUU,
AAUAUCCCCCCUUCGGUGCAAAGCACCGAAGGGGGGA,
CCGUAGGUUCGGGGUCGGAGUGGUCCGGAAGGUGGCGUGG,
AUACCAGCUUAUUCAAUUCAAGUUGCUGUGGGACAGAAACGGGCGCUAGACUAUGCAUAGAUAGUAAGUGCAAUCU,
UACUGCAUGCACACCACUUCAACUA,
UCCCACGCAUUCUCCACAUCAGUUGAAUGGUGUGGUCACUUCCAGUCCCGCAGGGCACACCCUUUCUGUCCUUCCGUCAC,
GGGAGAAUUCAACUGCCAUCUAGGCAGUAGGAAUACCCCCAUCCAAAGCUCGCUAGGCUGAACACAGUACUACAAGCUUCUGGACUCGGU,
GAAGUGAAAAUGACAGAACACAACA,
GCCCACGGACGAAUGCUUUGAUGUUGUG,
UCCCACGCAUUCUCCACAUCAUAAGCUGAGCAUCUUAGAUCCCCGUCAAGGGCAGCGUAACCUUUCUGUCCUUCCGUCAC,
GCGAAAACUCCGAUUUUCCUCUGUAGUGAUGGGAUUUUCCCGCCUGAACC,
AGGAUGGAUCGAGCGCUGGAGUCUGGAGAAUGUCAC,
GCGGAAGGUCCGAAGACCGGCGAAAGGAACGAGAUUGCC,
GGGAAAAUAAUAAUAAA,
CUUCGGCUUCACAGCUUUGGAAAGGGUACAAAUUAAACUA,
AGCGACUGACGAUCUUGAGUAAACCGCUCAUCCACGUAGU,
GGGCGCUUAAUGUAUGCCGUAUGACCCUCAACAUCCGACUCAGUUAAGC,
AUACCAGUCUAUUCAAUUUGGCGGCGGGGGGGGAGCGGUUUCAUCGUGAGAUAGUAUGUGCAAUCA,
GAACGACCACCGCUACCGACUACGCCAUAAACUGCCCGG,
AGCUCAGAAUGGAUCCAAACGCUCAUAACUCACUCCAUACUCACUUGCUGAUUCGCCAACAACACACCCUUAAACAGUCCCUUCGACAUGAGAAUUCGGCCGGAUC,
GGACGCGUGGUACCAGGCCGAUCUAUGGACGCUAUAGGGACACCGGAUACUUUAACGAUUGGCUAAGCUUCCGCGGGGAUC,
CCGCCUCCUUCCGAUUGAAAGGUCUGUUUUUGGGGUUGGUUUGGGUCAAUAGGAGACGAGAUAGGCGG,
CUCCUCUGACUGUAACCACGCCGAAGAGCCUUUUUAGCGUACUGAAAAGGAGUUACUCUCGCAUAGGUAGUCCAGAAGCC,
GGCAGCGAAAGCAGAAGAAGUAUGUGACCAUGCUUCGGCAACUUCACAUGCGUAGCCAAACCGA,
GGGAAUGGAUCCACAUCUACGAAUUCAGGGGACGUAGCAAUGACUGAGAUGCUGGGUUCACUGCAGACUUGACGAAGCUU,
AAGACGGCCGGGGAAACCCGAGAUCCGAGGUAACGC,
ACUCCUCCAAGCGACCAACAUCGGUCCCGUUUCAGAUCAA,
CGUACCAAGAUCCCACAACUAGCCGACCAGGAUUGCCGGC,
GGGAGGACGAUGCGGACCGAAAAAGACCUGACUUCUAUACUAAGUCUACGUUCCCAGACGACUCGCCCGA,
CUUUGGAGACAGUCCGUGGUAGGGCAGGUUGGGGUGACUUCGUGGAAGAAGCGAGACGGU,
AAAACCUACAACACACCCCUCAACUUUCCC,
ACAAAGCUGGAGUACUUACCGAACAUCCGUCUAACCCCU,
AGCUUACAAAACCUGUAGUUUUAUGCUUCACAUAUCGCACAGGACGCGUUAAGCU,
AAUACCCUCCCUUCGGUGCAAAGCACCGAAGGGAGGG,
GGGAACUCGAUGAAGCGAAUUCUGUUGGCGAACUGUACGCAAGUACACUGGAUGACAGGCCUAUCUAUCGGAUCCACG,
AUCUUUGGCCCUCCACAAUAUCCCUCCAUGGGGUACCAG,
CAACUACAUGUCGACCCUGAGAAGGCUGUGGAUGUGAUUAGGCCAGUUGC,
AGCGACCU,
CCACCACCACAACAAAACUCCAC,
GUAUUCUCGGGUGGUUUAAUCAGGAGUAGAGGAGGGUGAUUCCUUUGGUUGGACUACGUGGAGCUUGUGUUG,
CUCUUUUUGUCCCCGCACGUUGAACUCCUGUCCCUCUACU,
UAGGGAAUUCGUCGACGGAUCCAUCCUCAAAGGUUGGACACACAUCAAUAAUAAUUGUUCUUGUGGGCUCGCGCGGCGCAUGCGUCGACCUGGAG,
GUCUCAAUACGCACCCUGCAUUCCCUUACUCGAGCCUAGC,
GCUAUCAUCAUUAACUUUAUUUAUUACCGUCAUUCAUUUCUGAAUGUCUGUUUACCCCUAUUUCAACCGGUUUUUUUU,
CUUCUGCCCGCCUCCUUCCCUAGUCACUAUUGUCUGGCGUGGGUAGGUGCCAAUGGUAGGAGACGAGAUAGGCGGACACU,
CCCUUCAUCAUUAACCCGUCCACGCGC,
CUACUGAAUUUGGCUUUAUAAGGGUUACGACCGUCCUCGU,
CUCCUCUGACUGUAACCACGAGUUACUCUGCAAGAAGUUGUCAAGAGCGUGGGAGGGCGGGCAUAGGUAGUCCAGAAGCC,
GGGAUCGUGGUAGUGCGAAGCCAGUAAACGAGGGCACCACGGUCC,
CUUCUGCCCGCCUCCUUCCCUGGAGUGACGGGCUUAUUUGAAUCGGGCGAACUGGACUGGAGACGAGAUAGGCGGACACU,
AGGACUGAAAUAUUCACGUUGACGUUGUCUUGGAGUGCUGAUCGGAAAACCAAUAUGAUUAAGGGUCCUG,
GGGAGAAUUCCGACCAGAAGUUCGAUACGCCGUGGGGUGACGUUGGCUGCCCUUUCCUCUCUCCUCCUUCUUCU,
CCCGUACCACCACACCCUAUGCACAUCGUUGUUUGUCGUCUUUCCCGCAU,
GGGAGCUCAGAAUAAACGCUCAAGGAGGUGGGUGGGAUGUAGACUGGAGAGGGAUUCGACAUGAGGCCCGGAUC,
UUUUUGCUGAUCUCGGGUUUGGACUCCUGUUUAUUUAUAAGGAGACGAGAU,
UCAAACGUUGGAUUAAGGUCAAAUGAGUCGUUUUUC,
UCCCUACGGCGCUAACCAGUGCUAGCCACUGCGGGGUUCCCUUGUUGCCACCGUGCUACAAC,
GUGAUCGUCCAGCGACCGAGCAGGAAACUUAUGUAACGACCCGAAAUUCCUGCUUAGACU,
UAUAACGCCCGUGUUGCUCGGUUAU,
UAAACCUGCUGGCAGUGUGACCUAAGGACCAAGCCGUUCCUGAGGAACGUC,
CAGCGAAAGUUGCGUAUGGGUCACAUCGCAGGCACAUGUCAUCUGGGCG,
AAGACGGCCGGCGCCAUAGCCGAGAUCCGAGGUGUUGA,
GGGGGGAGCAAUAUCUGUGUGUCAAAACCUAACGAUGACU,
UCCCUGGCCCAAGAUCCUAAUAAAGUUUUUUCGGACCGGAGCGAAACCACUAUCCUCUUAAGCAAUCUGU,
CAACGUGUGAUAUGUGGGUAUACGCUUGGGUGUUACGCUGAGCACAGAGGGUAUUCGUGU,
UGCCUUGUUAUUGUGGUGGGCGGGUGGGAC,
ACACGACGGGAAUACUGACUCUCCCCCAUGU,
CAGGAGGCUACUGUCCCUGGGC,
GGGUUAACAAGAUACCGAGAGAGCUGCAGCAUAAGCCUGCAGAGUGGACCAGUACUACAAGCUUCUGGACUCGGU,
UAUCCUCGCCCGUGCACGCCCUCCACUAAGCCCA,
GGCAGGAAGACAAACACGAUGGGGGGGUAUGAUUUGAUGUGGUUGUUGCAUGAUCGUGGUCUGUGGUGCUCU,
AUCAGCCAUGUUUACGUCACUCCUUGUCAAUCCUCAUCGG,
GCUUUACCGCACUUCCGAUCUUUAAUUUCGAGUGUAUCAU,
CUCCUCUGACUGUAACCACGCCGAAGACCUUUUUAGCGUACUGAAAAGGAGUUACUCUCGCAUAGGUAGUCCAGAAGCC,
CCCGGUUACCGUGUUUGUUCUGCUAGAUUUUGGUU,
AAGAAGGACAGCACGAAUAAAACCUGCGUAAAUCCGCCCCAUUUGUGUAAGGGUAGUGGG,
AACAUAUCCCCAGCCAUGCAACGUGGCGAA,
GCCACGAUCACGGGC,
AUACCAGUCUAUUCAAUUGGGCCCUUUUCUGUGUCUUUCUGUGCCCUUAGAUAGUAUGUGCAAUCA,
AUCAGGGCUAAAGAGUGCAGAGUUACUUAG,
GCUAGGCAAUGAAACGGUUGGAGUAAUCCGGUGGCUUGCCAUGAUUUACGUGAGUGCUGAUCCGUGAUG,
AGCAGCACAGAGGUCAGAUGCGCGCAGAAUUUUGAGUCAUGUACUAAGGAAUUGAUUGGUCCUAUGCGUGCUACCGUGAA,
UCACCCUGAACCGGCCCAGCAGACUGCUGACGGCACGAU,
AAGACUAGAAGAAGUAUUAAGCCUGUAUUACAGAAGAGGU,
CUUCUGCCCGCCUCCUUCCGAGCAUUCGUCAGAUAGGUGGCAAACAGUUAUGGGAACGGGAGACGAGAUAGGCGGACACU,
CUUGGAUCACCAUAGUCGCUAGUCGAGGCU,
CCGUAGGUUCGGGGUCGGAGUGGUCCGGAAGAUGGCGUGG,
GCGCAGAACGGUGCUGUAACGGUGUGGC,
UAAUACGACUCACUAUAGGGAGGACGAUGCGGACAUAGUAAUGACACGGAGGAUGGAGAAAAAACAGCCAUCUCUUGACGGUUCGGGCGAGUCGUCUG,
CGACGCACCGAUCGCAGGUUCGGGA,
CUUCUGCCCGCCUCCUUCCAGCCGUCACAGGUCGCUCAUUCAUUACGGUCUGUUUGCGGGAGACGAGAUAGGCGGACACU,
UAGGGAAUUUCGACGGAUCCAGCUGAUGUGGGACGUCAGUUAUAGGAAUGUGGAGGUUGGAAGUUAUGGCUUGCAUCAGCUGCAGGUCGACGCAUGCGCCG,
GCUUGGUACCGAGCUCGGAUCCACGUAGUAACGGGCCGCCAGUGUGCUGGAAUUCGGGUCGUUCUUG,
AUCACUAGUGAAUUCGCGGCCGCCUGCAGGUCGACCAUAU,
UGUUUGGCUUGGCUCUGCAUCGACAGGUGGUU,
ACAACCCGGAACAACGUCUAACAGUGUACCAUAACCCGGCAUUCA,
GGGGGGGGUGGGGUGGGUCAAUAUUCUCGUC,
UAUUAGCAAUAAUAUUAGCAAUAA,
AUACCAGUCUAUUCAAUUGGGCCCGUCCGUAUGGUGGGUGUGCUGGCCAGAUAGUAUGUGCAAUCA,
UCGAAUAGCCCCCCGCGUCCGUCUUCCUUUAGCGAUCUAUGCUCCUUUGUAUGGUCGGGC,
UCCAUUCAUGUAACGAACAUAGUUUUGGCA,
CAGCUCAGAAGCUUGAUCCUGUGAGCGAAAAUCCGGAGUAGAGGAGCAGCUGGGUGCUGACUCGAAGUCGUGCAUCUGCA,
GAGGCUGAUGGCAGACGCCGGCCGAAGACA,
GGGAGGACGAUGCGGAGUUUCUUCUGAGGUCUGAACCUUUCGAAAGCUGGCGCUCAGACGACUCGCCCGA,
GGUGAUCGCACAGACACGGGCACUGAUGCGGCUCCCGUACAUAGGCCGGUAGUACUACAAGCUUCUGGACUCGGU,
UUGUAAUGUAUACCGCGCGCCC,
GUAUAUAGUAUAGUAUUGGC,
AUAUUUAUAUUUAUU,
CACCUACCUAAUUAUUAAACUUUGGGCAGUAUCCCGCUUUGCUUCUUAUC,
GGAUGAUGCCGCACUGACGCCACGUAGGUGGCGCACAGCC,
UGUUGUUGGACCAGUGUUAUUUUACGCGAUUGUGCGGUUGUGA,
CGGGGGUGCCCGCUGCUCGUCCAAAUGACGGCUCAGCUUCGGUGGGCCUUUAACAGUAAUCAAUCAUAUGAGCAGUUUUCAACGAUCACCUACCCACACCGCUCGAAUGUUUGCAUAAACCUGGGUAGACUCACGCAUAAUUGGGUUAUUGAGUCUCUUUGAUGGACUAACCCGGUUCUAUCUCGGAGGUAUUUUAGGUC,
UAUUAAUAAUAAUAUUAAUAAUAA,
CGCACUGAAGUGGGAUACCGCCUAAACGG,
AAUAGCAAAAAAAAACAUGAAGUGCAACGC,
UAGGGAAUUCGUCGACGGAUCCCGAUACGCACUACAAACGGCGCAUGCGUCGACCUGGAG,
AUCUCGGGUUUGGACUCCUGUUUAUUUAUAAGGAGACGAGAU,
GUCUAGCUCUAGCCCCUGAUUACUUAAAGUGAUCACACAG,
GAAUGAGGAAUAAUCUAGCUCCUUCGCUGA,
UUGACCGCU-GUGUGACGCAACACUCAAUUUCUUCCAGCCGGUCCG,
UCGAAUCGAGUGGAAGUCACUUC,
GGGAGAAUUCCGACCAGAAGGCUUGCUGUUGUUUCCCUGUUGUUUUGUCUCUCAACUUUAUUGUGGUAAAGAUCACUGGGUUGAUAAGGGCUAACUCUAAUUUGACUACAUGG,
CAGCUCAGAAGCUUGAUCCUGUGCAGCCGGGGGACAAGCGCGUUGGCCAGAUCAUCCGACUCGAAGUCGUGCAUCUGCA,
UGACCAAGCCUCACGUUGAACCUGCCAGUAGACCCCGCCCA,
GUCCAGCUAAAUCUCUACGAACCCCGCAUUCCCCGUAACU,
CAUGACAGAAUGUCUGCAGAGCUAAUCUUGGUCACUGAU,
UCUCAUGCGUCGAGUGUGAGUUUACCUUCGU,
CAGCUCAGAAGCUUGAUCCUGUGCGAUCGAAUGAAAGCUGCUGGAUUGUCGCUAUCCUGACUCGAAGUCGUGCAUCUGCA,
ACAAAUCCCCAGGAGUGCAAUACUCCGCAA,
GCAUGAAUUCCCGAAGACGCAAACUGAAGAGGCACCGAAGGGGGGG,
CUUCUGCCCGCCUCCUUCCAGAGUAGCCAAGCGGAGAGUAUUUUUGACUGCUUCCCCCGGAGACGAGAUAGGCGGACACU,
AAGACGGCCGGCGCCAUAGCCGAGAUCCGAGGUUGUAC,
GGGAGAGGAGAGAACGUUCUACAGCGCCGGUGGGCGGGCAUUGGGUGGAUGCGCUGUCGAUCGAUCGAUCGAUG,
CAAGGCAGAAUGUAAUGCUGAAUAAGAGAGAAAAGUGUUGGUGAGUGUAG,
GUAUUCUCGGUGGUUUAAUCAGAGUAGAGGAGGCUGACUCCUUUGGUUGGACGACGGUGGAGGUUCUUCUUG,
GGGCGAAUUCGAGCCUCAAGAGUAGCAACAGAAUUGGAUCCCGACCACUAAGAACCCGGCCUGUUACUCGGCGGAUCCUCU,
AGUCUGAGUCAAAUUGUGCCACUCCCACUCCAAUUGCGU,
GGGAGAAGGGAAGUAACAGGUUUCGUGCCUUUUCUCGAUGGAGUGAGAAGAGGUGACGGUACCAG,
ACUGUCCUCCCUUCAGAGAGCGCGGGACCCUUAACUUGGGGCCCACGAACAGCUUCAGUUCCGUCUCGGCGU,
GUAGUCAAAAGUCAUACAGCUCUACCAACAGCUCGA,
CAGCGUCAUUUAGGAUUCGUCAGGUUCUACCGUAGUGUG,
CAGCUCAGAAGCUUGAUCCUGUGAGGAAUGCUCAUGCAUAGCAAGGGCUAAACACGGCGACUCGAAGUCGUGCAUCUGCA,
GAAUUGCGACAGUCGGGACAUGUCGCGAGG,
CGUACGAAAUUCGUACCUGUGUG,
CACGAUGGUUAGGCGGGCCUUGAGGCUAAUAAUGUUGUUA,
GGGGCCACCAACGACAUUUAUCGAAUUGAUAACCUUACGCGAGAGCGUAGUUCGUUGAUAUAAAUAGUGCCCAUGGAUC,
UGACUCCUCUGACAGCCUAAUUUCUCCCGAUUACCCUG,
GGGAGCUCAGCCUUCACUGCCUACGCGGGCGUUUACGUAACGGCUUAUGGGGAGCUGAGCGCUUGAUCGUGGUAGUGCGAAGCCAGUAAACGAGGGCACCACGGUCGGAUCCAC,
AAAUGAUUGCUACAAUACAUAGAGUCAUGGAGAUUACAUC,
GCUGGUCUCUGCGGGUUGUUGCGCCGCGGCACCCUUGGCA,
AUCGUACAGAGGCAAGCAGAACGCGCGGU,
CUUCUGCCCGCCUCCUUCCGACUGUUGGUUCUUGGGAGGAGUGCGGACUUUGCCACGCGGAGACGAGAUAGGCGGACACU,
CAGGAAACAGCAAGACAAACGAUGGGGAGCGUAAGACUGCGAGUGUCGGA,
GAAUCAACACACAGUCCUGGGGGCGUAACCAUGAACACCCAAGGCCUUAGUGGUAUGUGGUUCUUG,
UUUCUAGGAAAUUCAAACAGGUUUGUAUUUUUCUAGUUGA,
GGUGAUCAUGGCAGUGUACGCGGGCGGACA,
GUCAGCUGCUCGCGGGAUCGAUCCAUUCGGUGGCCAUGCUCCGGAAGACGGGCCGGCUUCGCAAGACUCAGG,
GGGAUGAAUAAUAAUAAUA,
GUUUAUAUAUACACAGGUUAAGCGUAACUUCGCUGGACAGCAAGAAUCCU,
GUCCUAGCAGACACUCGGCCAUCACGCCCAUUGGUUUGCA,
GGCGAGAACAGGUCGUCCGAGGGUGACCCAACAAGGAAAA,
UCCCUACGGCGCUAACGUAUAAGUCGCCUGCAUCACGGCCAGAUUUGCCACCGUGCUACAAC,
CAAACAAUCAAACAGCAGUGGGGUG,
CUUGCUGCAGAGGGUCCAGAAUAUGUGUGACACUGCGUCGACGGGUUAAG,
CUUCUCCCUUGAGGGCCCCAUGACCUGACUGUAGAUAUCUGCCCUCGAG,
CACUGCAGUGUAUGCAAAGCUU,
AAUGAUAAACCACUGGUGAAUCGCUCAAGUCAGUAGUAGG,
GGGCGAAUUCGAGCCUCAAGUGCCAUGAGUGAAAUAAAACCAUCCGGAACUAAGACUGCGCUGUUACUCGGCGGAUCCUCU,
CGCGGAUCCUGCAGCUCGAGCUCCAAGUUAUUGUUUAUGCUUUGCAGGGACUCUAGAAGCUUGUCGAC,
CACCUUAGACCUGUCCUCCAAGCGUGAGUUGCUGUGGCC,
GGGAGACAAGAAUAAACGCUCAAAAACUGAUGGAAAAUGUGGGGCUGGUGUGACUUAGGGCCUUCGACAGGAGGCUCACAACAGGC,
AGGUUUAGUGAAUAUCUUCGAUGAUCCGAGGCAGGCUAGAUUCCGAAACAUCGCUGAGCG,
UGUGGGCCACGCCCGAUUUUACGCUUUUACCCGCACGCGAUUGGUUUGUU,
CUCAGAGACAGAGCAGAAAGGACAGUUCAAGCGACA,
CAGAAGGAUAAACUGUCCAGAACUUGGAAUAUAUC,
AUACGUAACUAACGACGAUCCCCUACGUUA,
CUCCAAACUCAUAGCAGAAUUCGCACGGAC,
GGCAAAACGCGCCUCAAAUACGUUAAGCGUCUGCAUCCGGAGCACUACAAGCUUCUGGACUCGGU,
GGGAGCUCAGAAUAAACGCUCAAUUUGGUGGGUGGGUUGGGGUGGAUGUAGAAUAUUCGACAUGAGGCCCGGAUC,
GCUACACAUAGGAGUGAUUGCGGGCGCUUCGACCCACCU,
AUUGGGGAAGGCGAGGUUGGGGACGCGGGGCGCGUGGUGU,
UGGGGUGAGUGGGCGAGGGGUGAGGAGAUGAAGGGCAUGG,
CAGGGGAGCGGCUGCACGGGUUCUGCGGGGGGAGGUUGGG,
ACAUGGGGGGACGUCGGUCAGGGUAGGUUAGGGGGAGAGA,
GGUCUCAUAGGGUUCAAAGGCAUUUGGUGUGAGAGCAGAG,
UGUGGGAAUGUAGGCCGUGUUCCCAUGCAGAGGCGAUCGG,
UAAGGAUUGAUGGUGUGGGGGCAGUCUGGUCCCAUAGGGU,
CAAUAAUCUAACUGUCCCAUGUUUCGGGUGUGUGGGAGAG,
GAAGAGGAAUUGACGGUGUGAGUAGGCGUUCUCAUAGGGU,
AACCUACAAUGGUGUGGGUACCUCCUUCCCAUAGGACCCG,
UAUGGUCCCAAUUGGUGUCCUCUGUAGGGGAGUGGGAGCA,
GCAUAACAGCUGGUCCACCGCCGCAUCAAGGCGAGAGCGC,
GAUCCACCUGGAGGGGGUACAUCGCGCGGGUCGCCGAUUA,
GUCUUAGCUCUGCAGCCCACGGAGGAGAGGGGAGGGCCGA,
AACAAAGCAAGGAGGAGUGCUGCCGCAUUCUCGAAGGCCU,
GGGAGAGGAGGGAGAUAGAUAUCAACUGCAGGGUAGCACACGAAGGGCACCGUAGCAAUACGGUUGUUCUGGUUAACUUUCGUGGAUGCC,
GGUAGCACACGAAGGGCAUCGUAGCAAUACGGUUGUUCUGGUUAACUUUCGUGGAUGCC,
GAGAGCCCCAGCGAGAUAAUACUUGGCCCCGCUCUU,
GGCCUAAAACAUACCAGAUUUCGAUCUGGAGAGGUGAAGAAUUCGACCACCUAGGCCGGU,
GGGAAUUCCGCGUGUGCGCCGCGGAAGACGUUGGAAGGAUAGAUACCUACAACGGGGAAUAUAGAGGCCAGCACAUAGUGAGGCCCUCCUCCCAAGGUCCGUUCGGGAUCCUC,
CAGCGAAAGUUGCGUAUGGGUCACAUCGCAGGCACAUGUCAUCUGGGCG,
GUGAGACCAGCCGAGUGGUGUCUGGCUAUUCACUGGAGCGUGGGUGGAACCCCUGCGCACUCGUUUGGCUGUCCGGGCCUUCGGGCCGGGAUUAUCUCU,
GCGUNGCGGCGCUACGC,
GGGACGAAGUGGUUGGGCGCUUCGGCGUGUGAAAACGUCCC,
GGACGACUGAACCGAAAGGUUCUUGGCUGCUUCGGCAGAGGUACGUCC,
GGGAGCUUGAUCCCGGAAACGGUCGAUCGCUCCC,
CUGGGUCGCAGUAACCCCAGUUAACAAAACAAG,
GGCUAGCUGGAGGGGCGCCAGUUCGCUGGUGGUUGGGUGCGGUCGGCUAGCC,
GGAUCCCGACUGGCGAGAGCCAGGUAACGAAUGGAUCC,
GGGAGUACGGUGAGGGUCGGGUCCAGUAGGUACGCCUACUGUUGAGUAGAGUGUGGGCUCCGUACUCCC,
GGAGCCUGGGAGCUCCCACGGUCCCAGACGUG,
GAUACUUGAAACUGUAAGGUUGGCGUAUC,
GGAGGAGGAGGAAGGAGGAGGAGGA,
GUACGAAGGAAGGUUUGGUAUGGGGUAGUUGUCGUAC,
GAGCCCUGGGAGGCUCGCUGGUCCCAGACAGC,
GGCGUGUAGGAUAUGCUUCGGCAGAAGGACACGCC,
GGGUUGGGAAGAAACUGUGGCACUUCGGUGCCAGCAACCC,
GGGAAGGGAAGAAACUGCGGCUUCGGCCGGCUUCCC,
GGCGAUGGUGUUCGCCAUAAACGCUCUUCGGAGCUAAUGACACCUAC,
AUCGAGGGAGUGGUGAGGAUGAGGCGAU,
GGACUGGGCGAGAAGUUUAGUCC,
GGACAUAUAUACGCGUGGAUAUGGCACGCGAGUUUCUACCGGGCACCGUAAAUGUCCGAUUAUGUCC,
GGACAUAUAAACGCGUGGAUAUGGCACGCGAGUUUCUACCGGGCACCGUAAAUGUCCGAUUAUGUCC,
GGACAUAUAUUCGCGUGGAUAUGGCACGCAAGUUUCUACCGGGCACCGUAAAUGUCCGACUAUGUCC,
GGACAUAUAUACGCGUGGAUAUGGCACGCGAGUUUCUACCGGGCACCGUAAAUGUCCGACUAUGUCC,
GGACAUAUAAACGCGUGGAUAUGGCACGCGAGUUUCUACCGGGCACCGUAAAUGUCCGACUAUGUCC,
GCUACGAAGGAAGGAUUGGUAUGUGGUAUAUUCGUAGC,
GGCCAGUAUAACCUCAAUGAUAUGGUUUGAGGGUGUCUACCAGGAACCGUAAAAUCCUGACUACUGGUCX,
GGAGGAGGAGGA,
GGAUCUUCGGGGCAGGGUGAAAUUCCCGACCGGUGGUAUAGUCCACGAAAGUAUUUGCUUUGAUUUGGUGAAAUUCCAAAACCGACAGUAGAGUCUGGAUGAGAGAAGAUUC,
ACUUGGUUUAGGUAAUGAGU,
GUACGAAGGAAGGUUUGGUAUGUGGUAUAUUCGUAC,
GCGUACGAAGGAGAGGAGAGGAAGAGGAGAGUACGCGUACGAAGGAGAGGAGAGGAAGAGGAGAGUAC,
GCGUACGAAGGAGAGGAGAGGUAGAGGAGAGUACGCCGUACGAAGGAGAGGAGAGGUAGAGGAGAGUACGG,
GGAACCGGUGCGCAUAACCACCUCAGUGCGAGCAA,
GGAGAGGUUCUAGUUAUACCCUCUAUAAAAAACUAA,
GGCAGCCAGAAGAGCACGUAUACGCAAGGCUGUC,
GGCCAUAUAACUGCGUGGAUAUAGCACGCAGGUUUCUACCGGGCACUGUAAAUGUCCGACUAUGGUC,
GGGAAGAUAUAAUCCUAAUGAUAUGGUUUGGGAGUUUCUACCAAGAGCCUUAAACUCUUGAUUAUCUUCCC,
GGAGAGUAGAUGAUUCGCGUUAAGUGUGUGUGAAUGGGAUGUCGUCACACAACGAAGCGAGAGCGCGGUGAAUCAUUGCAUCCGCUCCA,
CGAAACAUAGAUUCGA,
GGAGAUCGCACUCCA,
GGCGCGAGGAAGGAGGUCUGAGGAGGUCACUGCGCC,
GGCGCGAGGAAGGUGGUCUGAGGAGGUCACUGCGCC,
GGACACUGAUGAUCGCGUGGAUAUGGCACGCAUUGAAUUGUUGGACACCGUAAAUGUCCUAACACGUGUCC,
GGAUCGCAUUUGGACUUCUGCCCGGCACCACGGUCGGAUC,
GACAUAUAAUCGCGUGGAUAUGGCACGCAAGUUUCUACCGGGCACCGUAAAUGUCCGAUUAUGUC,
GGAUCUUCGGGGCAGGGUGAAAUUCCCGACCGGUGGUAUAGUCCACGAAUCCAUGGAUUGAUUUGGUGAAAUUCCAAAACCGACAGUAGAGUCUGGAUGAGAGAAGAUUCG,
GUGAAAGUGUACCUAGGGUUCCAGCCUAUUUGUAGGUGUUCGGACCGAGCGGUACAGGUAUAUUUUUAUAUACCACACCUUAGGGACAAAAGCCCGGGAGGAUAGGUUUCACUCGUA,
GUGAAAGUGUACCUAGGGUUCCAGCCUAUUUGUAGGUGUUCGGACCGAGCGGUACAGGUAUAUUUUUAUAUACCACACCUUAGGGACAAAAGCCCGAGAGGAUAGGUUUCACUCGUA,
GACGCGACCGAAUGAAAUGGUGAAGGACGGGUCCAGCCGGCUGCGCAGCCGGCUUGUUGAGUAGAGUGUGAGCUCCGUAACUGGUCGCGUC,
AGAAGGAGCGUACAGGUAGGUCGCU,
CGGGGCGAAGCGGGUCCCG,
ACCGUCAGAGGACACGGUUAAAAAGUCCUC,
GGACAUAUAAUCGCGUGGAUAUGGCACGCAAGUUUCUACCGGGCACCGUAAAUGUCCGACUAUGUCC,
GGCACGAGGUUUAGCUACACUCGUGCC,
GGCUUCAUAUAAUCCGAAUGAUAUGGUUUCGGAGCUUCCACCAAGAGCCUUAAACUCUUGACUAUGAAGUC,
GGCUUCAUAUAAUCCGAAUGAUAUGGUUUCGGAGCUUCCACCAAGAGCCUUAAACUCUUGAUUAUGAAGUC,
GGCCUAAAAGCAUAGUGGGAAAGUGACGUGAAAUUCGUCCAGAUGCGAAAGCAUACGGUUAUACUCCGAAUGCCACCUAGGCCA,
GGGUGGGUUGGGAGGG,
ACCUGGGGGAGUAUUGCGGAGGAAGGU,
AGAAGGAGUGUACGGUUAGGUCGCU,
GGUCGGUCCCAGACGACCGGAGCCUGGGAGCUCC,
GGGCUUCGUUAGGUGAGGCUCCUGUAUGGAGAUACGCUGCUGCCCAAAAAUGUCCAAAGACGCCAAUGGGUCAACAGAAAUCAUCGACAUAAGGUGAUUUUUAAUGCAGCUGGAUGCUUGUCCUAUGCCAUACAGUGCUAAAGCUCUACGAUUGAAGCCCA,
GGGUGUAAUCUCCAAAAUAUGGUUGGGGAGCCUCCACCAGUGAACCGUAAAAUCGCUGUCACCACCCAG,
GGACAUUUAAUCGCGUGGAUAUGGCACGCAAGUUUCUACCGGGCACCGUAAAUGUCCGACAAUGUCC,
GGACAUGUAAUCGCGUGGAUAUGGCACGCAAGUUUCUACCGGGCACCGUAAAUGUCCGACCAUGUCC,
GGACAUAAAAUCGCGUGGAUAUGGCACGCAAGUUUCUUCCGGGCACCGUAAAUGUCCGACUAUGUCC,
GGACAUACAAUCGCGUGGAUAUGGCACGCAAGUUUCUGCCGGGCACCGUAAAUGUCCGACUAUGUCC,
GGACAUAUAAUCGCGUGGAUAUGGCACGCAAGCUUCUACCGGGCACCGUAAAUGUCCGACUAUGUCC,
GGAGAGUAGAUGAUUCGCGUUAAGCGUGUGUGAAUGGGAUGUCGUCACACAACGAAGCGAGAGCGCGGUGAAUCAUUGCAUCCGCUCCA,
GAGCAACUUAGGAUUUUAGGCUCCCCGGCGUGUCUCGAACCAUGCCGGGCCAAACCCAUAGGGCUGGCGGUCCCUGUGCGGUCAAAAUUCAUCCGCCGGAG,
XGCAGUUGAUCCUUUGGAUACCCUGGU,
CGACCAACGUGUCGCCUGGUCG,
UGACCAGGGCAAACGGUAGGUGAGUGGUCA,
GGACCCACCACGGCGAGGUCCA,
GGCUUAUCAAGAGAGGUGGAGGGACUGGCCCGAUGAAACCCGGCAACCAGAAAUGGUGCCAAUUCCUGCAGCGGAAACGUUGAAAGAUGAGCCG,
GGGCAGUGAUGCUUCGGCAUAUCAGCCC,
GGGCUAAAAGCAUGGUGGGAAAGUGACGUGUAAUUCGUCCACAUUACUUGAUACGGUUAUACUCCGAAUGCCACCUAGCCCAAAGUAGAGCAAGGAGACUCA,
GGCGAUAUGGCAUGGAAUCAGCUCAAGGAACUGUGAACGUAUAUCGGGCAACGACUAGGAAACUAGUCGUUGGGAAGAAACUGCCGAUAUACGGGAGUUCCUUGAGCGGGAGAUUCCAUGCCUAAGUCGC,
GGUCAUGAGUGCCAGCGUCAAGCCCCGGCUUGCUGGCCGGCAACCCUCCAACCGCGGUGGGGUGCCCCGGGUGAUGACCAGGUUGAGUAGCCGUGACGGCUACGCGGCAAGCGCGGGUC,
GGAAUCGGAUGAAGAUAUGAGGAGAGAUUUCAUUUUAAUGAAACACCGAAGAAGUAAAUCUUUCAGGUAAAAAGGACUCAUAUUGGACGAACCUCUGGAGAGCUUAUCUAAGAGAUAACACCGAAGGAGCAAAGCUAAUUUUAGCCUAAACUCUCAGGUAAAAGGACGGAG,
GGUAUGCUAGUACC,
GGUCCGUUGAAGACUGCAGGAGAGUGGUUGUUAACCAGAUUUUAACAUCUGAGCCAAAUAACCCGCCGAAGAAGUAAAUCUUUCAGGUGCAUUAUUCUUAGCCAUAUAUUGGCAACGAAUAAGCGAGGACUGUAGUUGGAGGAACCUCUGGAGAGAACCGUUUAAUCGGUCGCCGAAGGAGCAAGCUCUGCGCAUAUGCAGAGUGAAACUCUCAGGCAAAAGGACAGAGGA,
GGCUUAUCAAGAGAGGUGGAGGGACUGGCCCGAUGAAACCCGGCAGCCAGAAAUGGUGCCAAUUCCUGCAGCGGAAACGUUGAAAGAUGAGCCG,
GGACGGAGGCGCGCCCGAGAUGAGUAGGCUGUCCCAUCAGGGGAGGAAUCGGGGACGGCUGAAAGGCGAGGGCGCCGAAGCGAGCAGAGUUCCUCCCGCUCUGCUUGGCUGGGGGUGAGGGGAAUACCCUUACCACUGUCGCGAAAGCGGAGAGCCGUCCA,
AGAGAACCCGGAGUUCCCU,
GGCUUAUCAAGAGAGGUGGAGGGACUGGCCCGAUGAAACCCGGCAACCAGAAAUGGUGCCAAUUCCUGCAGCGGAAACGUUGAAAGAUGAGCCA,
GGUUUUGGCAGGGUUUUGGU,
GGAUCACGAGGGGGAGACCCCGGCAACCUGGGACGGACACCCAAGGUGCUCACACCGGAGACGGUGGAUCCGGCCCGAGAGGGCAACGAAGUCCGU,
GCGCGGAAACAAUGAUGAAUGGGUUUAAAUUGGGCACUUGACUCAUUUUGAGUUAGUAGUGCAACCGACCGUGCU,
GUUCUUAUCAAGAGAAGCAGAGGGACUGGCCCGACGAAGCUUCAGCAACCGGUGUAAUGGCGAAAGCCAUGACCAAGGUGCUAAAUCCAGCAAGCUCGAACAGCUUGGAAGAUAAGAAC,
CGCUUCAUAUAAUCCUAAUGAUAUGGUUUGGGAGUUUCUACCAAGAGCCUUAAACUCUUGAUUAUGAAGUG,
GGAUCAUAUAAUCGCGUGGAUAUGGCACGCAAGUUUCUACCGGGCACCGUAAAUGUCCGACUAUGGUC,
CUGGGUCGCAGUAACCCCAGUUAACAAAACAAGGUGGAAUCUCCUGG,
CCAGGAGAUUCCAC,
CCAGGAGAUUCCACGUGGAAUCUCCUGG,
GGGGUGGGAGGAGGGU,
UGGGU,
CCGGCGCCGG,
CCCCGGGG,
AGAGGUUCUAGCACAUCCCUCUAUAAAAAACUAA,
AGAGGUUCUAGCUACACCCUCUAUAAAAAACUAA,
GGACAUACAAUCGCGUGGAUAUGGCACGCAAGAUCCCGCCGGGCACCGUAAAUGUCCGACUAUGUCC,
GGAUCUUACUUGGUAGACUCGCAGGAAGUCUACCGAGUAAGAGAAAGAGGAAAGACGGCCAAAUUGCGGGAAAGGGGACAACAGCCGUUCAGUACCAAGUCUCAGGGAAACUUCAGAUGGCCUCGCAAAGGGUAUGGUAAUAAGCUGACGGACAUGGUCCUAACCACGCAGUCAAGUCCUAAGUCAACAGCCUUGGCUGUUGAUAUGGAUGCAUUUCGAUCCAACCGAGGCUCAUUCUUGUAAUUCAUGGCCGUCGGGGAGGCACUUCGGUGCCUCUGAUAACAACUUGAAAUAAGGUUGGCUCAACGGCGCGUGACAGACAAUUCGCGCUGGAACUGCAGUCGGACCU,
GGUAGACUCGCAGGAAGUCUACCGAGUAAGAGAAAGAGGAAAGACGGCCAAAUUGCGGGAAAGGGGACAACAGCCGUUCAGUACCAAGUCUCAGGGAAACUUCAGAUGGCCUCGCAAAGGGUAUGGUAAUAAGCUGACGGACAUGGUCCUAACCACGCAGUCAAGUCCUAAGUCAACAGCCUUGGCUGUUGAUAUGGAUGCAUUUCGAUCCAACCGAGGCUCAUUCUUGUAAUUCAUGGCCGUCGGGGAGGCACUUCGGUGCCUCUGAUAACAACUUGAAAUAAGGUUGGCUCAACGGCGCGUGACAGACAAUUCGCGCUGGAACUGCAGUCGGACCU,
GUGCGAAGGGACGGUGCGGAGAGGAGAGCAC,
GGAGGGAAAAGUUAUCAGGCAUGCACCUGGUAGCUAGUCUUUAAACCAAUAGAUUGCAUCGGUUUAAAAGGCAAGACCGUCAAAUUGCGGGAAAGGGGUCAACAGCCGUUCAGUACCAAGUCUCAGGGGAAACUUUGAGAUGGCCUUGCAAAGGGUAUGGUAAUAAGCUGACGGACAUGGUCCUAACCACGCAGCCAAGUCCUAAGUCAACAGAUCUUCUGUUGAUAUGGAUGCAGUUCACAGACUAAAUGUCGGUCGGGGAAGAUGUAUUCUUCUCAUAAGAUAUAGUCGGACCUCUCCUUAAUGGGAGCUAGCGGAUGAAGUGAUGCAACACUGGAGCCGCUGGGAACUAAUUUGUAUGCGAAAGUAUAUUGAUUAGUUUUGGAGU,
GUUGAUAUGGAUUUACUCCGAGGAGACGAACUACCACGAACAGGGGAAACUCUACCCGUGGCGUCUCCGUUUGACGAGUAAGUCCUAAGUCAACA,
GGACAUAUAAUCGCGUGGAUAUGGCACGCAAGUUUCUACCGGGCACCGUAAAUGUCCGAUUAUGUCC,
GGACGAGGAGCGCUGCAAGCGAGAGCCCAGGCUCGUCCGUUCAAACGGCGCUCA,
GCGGGGACGACCCUGC,
GGACGAGGAGCGUUGCAAGCGAAAGCCCAGGCUAGUCCGUUCAAACGGCGCUCA,
GCGCGGCGAUUUAACCGUAUUGCAGUCGCGUGAUAAAUGUAGCUAAAAAGGA,
GUCUAAAGUUUGCUAGGGUUCCGCGUCAUAGGUGGUCUGGUCCAAGAGCAAACGGCUUUCACAAAGCCACACGGAAGGAUAAAAGCCUGGGAGAU,
GGUACACGACAAUACUAAACCAUCCGCGAGGAUGGGGCGGAAAGCCUAAGGGUCUCCCUGAGACAGCCGGGCUGCCGAAAUAUC,
CGAAXUCG,
GGAUCACGAGGGGGAGACCCCGGCAACCUGGGACGGACACCCAAGGUGCUCACACCGGAGACGGUGGAUCCGGCCCGAGAGGGCAACGAAGGUCCGA,
GAUUUGGGGAGUAGCCGAUUUCCGAAAGGAAAUGUACGUGUCAACAUUUUCGUUGAAAAACGUGGCACGUACGGACUGAAGAAAUUCAGUCAGGCGAGACCAUAUCC,
GUACACGACAAUACUAAACCAUCCGCGAGGAUGGGGCGGAAAGCCUAAGGGUCUCCCUGAGACAGCCGGGCUGCCGAAAUAUC,
AAAGGGGAGUAGCGUCGGGAAACCGAAACAAAGUCGUCUAUUCGUGAGGAAACUCACCGGCUUUGUUGACAUACGAAAGUAUGUUUAGCAAGACCUUUCC,
GGCGAUACCAGCCGAAAGGCCCUUGGCAGCGUC,
GGUUUCAACAUCCCCGUUCGGCGCUCGAAAGAGGUGGCCGGACUGAAGCC,
GCUUCAACAACCCCGUAGGUGGGGACGAAAGUCAGCGCACCUACUGGAGCC,
GGUCAAAUAGGUGCCGGUCCGUGAACAACAGCCGGCUUAAAAGGGAAACCGGUAAAAGCCGGUGCGGUCCCGCCACUGUAAUUGGCCAAGCGCCAAGAGCCAGGAUACCUGCCUGUUUGAUCAGCACGAAUUCUGCGAGGACAGAUGA,
GCCCGAGC,
GGAGCCCC,
GGUUGGUGUGG,
GAUCGAAACGUAGCGCCUUCGAUC,
GCACGCGC,
AAAGGGGAGUAGCGUCGGGAAACCGAAACAAAGUCGUCAAUUCGUGAGGAAACUCACCGGCUUUGUUGACAUACGAAAGUAUGUUUAGCAAGACCUUUCC,
GGCUUGGGGAGUAGCCUGCUUUCGGAAACGAAAGCGCCUGUAUCAACAUACUCGGCGAAAGCCGUGGUGCAGGACCGAAAGGUCUGGCGAGACCAGGCC,
